fecha,producto,categoria,cantidad,precio_unitario,total,canal,region
2024-01-01,Smartwatch Fit 3,Electrónica,2,3299,6598,Tienda física,Nuevo León
2024-01-02,Smartwatch Fit 3,Electrónica,1,3299,3299,Online,Chihuahua
2024-01-02,Peluche Oso Gigante 1.5m,Juguetes,1,522,522,Online,Nuevo León
2024-01-02,Pantalón Chino Slim,Moda,1,948.50,948.50,Tienda física,Jalisco
2024-01-02,Auto RC Turbo Rally,Juguetes,1,778.50,778.50,Móvil App,Jalisco
2024-01-03,Casco Ciclismo Aero,Deportes,1,1299,1299,Tienda física,Puebla
2024-01-03,Vestido Floral Summer,Moda,1,1099,1099,Online,Chihuahua
2024-01-04,Aspiradora Robot Clean+,Hogar,1,5699,5699,Móvil App,Jalisco
2024-01-04,Banda de Correr Plegable,Deportes,2,12498.50,24997,Marketplace,Jalisco
2024-01-05,Aspiradora Robot Clean+,Hogar,3,5999,17997,Online,CDMX
2024-01-05,Sudadera Hoodie Urban,Moda,2,854,1708,Online,Nuevo León
2024-01-05,Barra de Sonido 2.1,Electrónica,4,2799,11196,Marketplace,Yucatán
2024-01-06,Purificador de Aire Mini,Hogar,4,2898.50,11594,Marketplace,CDMX
2024-01-06,Licuadora Turbo 1200W,Hogar,2,1699,3398,Tienda física,CDMX
2024-01-06,Audífonos ANC Studio,Electrónica,2,2499,4998,Online,Chihuahua
2024-01-08,Kit Bandas Elásticas,Deportes,1,254,254,Marketplace,Jalisco
2024-01-08,Camiseta Basic Cotton,Moda,1,359,359,Marketplace,Jalisco
2024-01-09,Cámara Action Go,Electrónica,2,7999,15998,Tienda física,Jalisco
2024-01-09,Sudadera Hoodie Urban,Moda,3,674,2022,Marketplace,Yucatán
2024-01-09,Purificador de Aire Mini,Hogar,2,2899,5798,Online,Nuevo León
2024-01-09,Rizador de Pelas Digital,Belleza,1,898.50,898.50,Online,CDMX
2024-01-09,Crema Hidratante Aloe,Belleza,3,311,933,Tienda física,Chihuahua
2024-01-09,Camiseta Basic Cotton,Moda,3,399,1197,Tienda física,CDMX
2024-01-11,Balón Soccer Pro FIFA,Deportes,1,548.50,548.50,Online,CDMX
2024-01-11,Perfume Noir Intense 100ml,Belleza,2,1424,2848,Tienda física,CDMX
2024-01-11,Barra de Sonido 2.1,Electrónica,1,3499,3499,Tienda física,Jalisco
2024-01-11,Bloques Creativos 500pz,Juguetes,3,809,2427,Tienda física,CDMX
2024-01-11,Sudadera Hoodie Urban,Moda,2,899,1798,Online,Nuevo León
2024-01-11,Bloques Creativos 500pz,Juguetes,1,899,899,Online,Jalisco
2024-01-13,Teclado Mecánico RGB,Electrónica,2,1598.50,3197,Online,CDMX
2024-01-14,Kit Bandas Elásticas,Deportes,1,299,299,Tienda física,Jalisco
2024-01-14,Set de Sábanas Queen 600h,Hogar,6,1198.50,7191,Online,CDMX
2024-01-14,Paleta de Sombras Nude,Belleza,1,499,499,Online,Nuevo León
2024-01-14,Dron Junior HD,Juguetes,2,1599,3198,Online,CDMX
2024-01-16,Bolso de Cuero Milano,Moda,6,1899,11394,Online,Yucatán
2024-01-17,Smartphone X5,Electrónica,3,8999,26997,Online,Nuevo León
2024-01-17,Perfume Noir Intense 100ml,Belleza,1,1899,1899,Online,CDMX
2024-01-18,Balón Soccer Pro FIFA,Deportes,1,439,439,Online,Jalisco
2024-01-19,Rizador de Pelas Digital,Belleza,1,899,899,Online,Jalisco
2024-01-20,Bicicleta Urbana R26,Deportes,1,7998.50,7998.50,Online,Puebla
2024-01-20,Laptop Pro 14,Electrónica,3,18999,56997,Online,Chihuahua
2024-01-21,Vestido Floral Summer,Moda,1,879,879,Marketplace,Chihuahua
2024-01-21,Mancuernas Ajustables 10kg,Deportes,1,998.50,998.50,Online,CDMX
2024-01-22,Dron Junior HD,Juguetes,1,1599,1599,Online,Jalisco
2024-01-22,Kit Bandas Elásticas,Deportes,2,299,598,Online,Puebla
2024-01-22,Casco Ciclismo Aero,Deportes,2,1299,2598,Móvil App,Jalisco
2024-01-22,Chamarra Denim Classic,Moda,2,1169,2338,Marketplace,CDMX
2024-01-22,Smartwatch Fit 3,Electrónica,2,3299,6598,Móvil App,Jalisco
2024-01-26,Licuadora Turbo 1200W,Hogar,1,1698.50,1698.50,Tienda física,Nuevo León
2024-01-26,Juego de Mesa Familiar,Juguetes,1,382,382,Online,Nuevo León
2024-01-26,Aspiradora Robot Clean+,Hogar,3,4799,14397,Online,Chihuahua
2024-01-26,Crema Hidratante Aloe,Belleza,3,389,1167,Online,Puebla
2024-01-27,Juego de Mesa Familiar,Juguetes,5,382,1910,Marketplace,CDMX
2024-01-28,Tablet Galaxy 10",Electrónica,2,5849,11698,Móvil App,Chihuahua
2024-01-28,Smart TV 55'',Electrónica,2,11498.50,22997,Online,Jalisco
2024-01-29,Smartwatch Fit 3,Electrónica,1,2639,2639,Online,CDMX
2024-01-29,Lentes de Sol Retro,Moda,1,759,759,Online,Puebla
2024-01-29,Barra de Sonido 2.1,Electrónica,1,2799,2799,Marketplace,Jalisco
2024-01-30,Audífonos ANC Studio,Electrónica,2,2499,4998,Móvil App,Chihuahua
2024-01-30,Yoga Mat Premium,Deportes,1,584,584,Tienda física,CDMX
2024-01-30,Secadora Iónica 2200W,Belleza,2,1274,2548,Móvil App,Jalisco
2024-01-30,Teclado Mecánico RGB,Electrónica,1,1439,1439,Tienda física,CDMX
2024-01-31,Set de Sábanas Queen 600h,Hogar,1,1199,1199,Online,Nuevo León
2024-01-31,Smart TV 55'',Electrónica,2,11499,22998,Tienda física,Yucatán
2024-01-31,Tablet Galaxy 10",Electrónica,1,6499,6499,Móvil App,Puebla
2024-01-31,Purificador de Aire Mini,Hogar,6,2899,17394,Online,CDMX
2024-01-31,Casco Ciclismo Aero,Deportes,1,1299,1299,Tienda física,Jalisco
2024-01-31,Perfume Noir Intense 100ml,Belleza,1,1899,1899,Online,CDMX
2024-01-31,Auto RC Turbo Rally,Juguetes,1,584,584,Online,CDMX
2024-02-01,Set Ciencia Experimentos,Juguetes,1,598,598,Móvil App,Puebla
2024-02-01,Licuadora Turbo 1200W,Hogar,1,1359,1359,Tienda física,Yucatán
2024-02-01,Perfume Noir Intense 100ml,Belleza,1,1614,1614,Marketplace,Puebla
2024-02-02,Smartwatch Fit 3,Electrónica,5,3298.50,16492.50,Tienda física,Jalisco
2024-02-02,Balón Soccer Pro FIFA,Deportes,3,439,1317,Móvil App,Jalisco
2024-02-04,Camiseta Basic Cotton,Moda,3,379,1137,Móvil App,CDMX
2024-02-04,Juego de Mesa Familiar,Juguetes,3,449,1347,Marketplace,CDMX
2024-02-04,Casco Ciclismo Aero,Deportes,1,1299,1299,Tienda física,CDMX
2024-02-06,Smartphone X5,Electrónica,3,8998.50,26995.50,Marketplace,Jalisco
2024-02-06,Licuadora Turbo 1200W,Hogar,2,1274,2548,Marketplace,Puebla
2024-02-06,Vestido Floral Summer,Moda,2,1098.50,2197,Tienda física,Chihuahua
2024-02-06,Paleta de Sombras Nude,Belleza,5,499,2495,Online,Chihuahua
2024-02-06,Laptop Pro 14,Electrónica,1,18999,18999,Marketplace,CDMX
2024-02-06,Consola Next X,Electrónica,2,13998.50,27997,Online,Nuevo León
2024-02-07,Serum Vitamina C 30ml,Belleza,1,659,659,Online,Chihuahua
2024-02-07,Lentes de Sol Retro,Moda,1,759,759,Móvil App,Nuevo León
2024-02-08,Lámpara LED Inteligente,Hogar,2,549,1098,Online,Nuevo León
2024-02-09,Audífonos ANC Studio,Electrónica,2,2499,4998,Móvil App,Nuevo León
2024-02-09,Serum Vitamina C 30ml,Belleza,1,659,659,Marketplace,Puebla
2024-02-09,Barra de Sonido 2.1,Electrónica,3,3498.50,10495.50,Marketplace,Jalisco
2024-02-09,Balón Soccer Pro FIFA,Deportes,2,549,1098,Online,Jalisco
2024-02-09,Smartwatch Fit 3,Electrónica,1,3299,3299,Online,Jalisco
2024-02-10,Lámpara LED Inteligente,Hogar,1,549,549,Online,Chihuahua
2024-02-10,Consola Next X,Electrónica,4,11199,44796,Marketplace,Chihuahua
2024-02-10,Tenis Runner Air,Moda,2,1869,3738,Online,CDMX
2024-02-10,Consola Next X,Electrónica,5,10499,52495,Móvil App,Chihuahua
2024-02-10,Yoga Mat Premium,Deportes,1,649,649,Online,Nuevo León
2024-02-10,Auto RC Turbo Rally,Juguetes,1,778.50,778.50,Marketplace,Nuevo León
2024-02-11,Smartphone X5,Electrónica,3,8999,26997,Móvil App,Puebla
2024-02-12,Sudadera Hoodie Urban,Moda,1,674,674,Online,Nuevo León
2024-02-12,Kit Bandas Elásticas,Deportes,3,299,897,Online,Jalisco
2024-02-13,Crema Hidratante Aloe,Belleza,1,389,389,Online,Yucatán
2024-02-13,Paleta de Sombras Nude,Belleza,1,499,499,Tienda física,CDMX
2024-02-13,Banda de Correr Plegable,Deportes,1,9999,9999,Online,Nuevo León
2024-02-13,Barra de Sonido 2.1,Electrónica,2,3499,6998,Tienda física,Chihuahua
2024-02-14,Casco Ciclismo Aero,Deportes,1,1298.50,1298.50,Marketplace,CDMX
2024-02-14,Perfume Noir Intense 100ml,Belleza,1,1899,1899,Marketplace,Nuevo León
2024-02-14,Casco Ciclismo Aero,Deportes,1,1298.50,1298.50,Marketplace,Yucatán
2024-02-14,Peluche Oso Gigante 1.5m,Juguetes,2,549,1098,Marketplace,Puebla
2024-02-15,Pantalón Chino Slim,Moda,2,949,1898,Online,Nuevo León
2024-02-16,Licuadora Turbo 1200W,Hogar,2,1699,3398,Online,CDMX
2024-02-16,Smartwatch Fit 3,Electrónica,2,3299,6598,Móvil App,Nuevo León
2024-02-19,Cafetera Espresso Deluxe,Hogar,3,4599,13797,Online,Jalisco
2024-02-19,Set Ciencia Experimentos,Juguetes,2,629,1258,Móvil App,CDMX
2024-02-19,Sudadera Hoodie Urban,Moda,2,899,1798,Marketplace,Yucatán
2024-02-20,Mancuernas Ajustables 10kg,Deportes,1,999,999,Móvil App,Chihuahua
2024-02-20,Laptop Pro 14,Electrónica,2,18999,37998,Tienda física,Nuevo León
2024-02-21,Mancuernas Ajustables 10kg,Deportes,3,999,2997,Marketplace,CDMX
2024-02-21,Tenis Runner Air,Moda,1,2199,2199,Marketplace,Puebla
2024-02-21,Crema Hidratante Aloe,Belleza,1,389,389,Móvil App,Jalisco
2024-02-22,Smartwatch Fit 3,Electrónica,2,3299,6598,Online,Jalisco
2024-02-22,Pantalón Chino Slim,Moda,2,712,1424,Online,Chihuahua
2024-02-22,Cafetera Espresso Deluxe,Hogar,1,4598.50,4598.50,Marketplace,Nuevo León
2024-02-22,Perfume Noir Intense 100ml,Belleza,1,1709,1709,Marketplace,Jalisco
2024-02-22,Lentes de Sol Retro,Moda,2,758.50,1517,Online,CDMX
2024-02-23,Crema Hidratante Aloe,Belleza,1,389,389,Online,Yucatán
2024-02-23,Teclado Mecánico RGB,Electrónica,1,1599,1599,Online,CDMX
2024-02-23,Smart TV 55'',Electrónica,2,11499,22998,Tienda física,Nuevo León
2024-02-25,Aspiradora Robot Clean+,Hogar,1,5999,5999,Tienda física,CDMX
2024-02-25,Teclado Mecánico RGB,Electrónica,2,1439,2878,Marketplace,CDMX
2024-02-25,Kit Bandas Elásticas,Deportes,1,299,299,Online,CDMX
2024-02-25,Bloques Creativos 500pz,Juguetes,5,899,4495,Marketplace,Nuevo León
2024-02-25,Peluche Oso Gigante 1.5m,Juguetes,1,549,549,Online,Nuevo León
2024-02-26,Laptop Pro 14,Electrónica,2,18999,37998,Online,Nuevo León
2024-02-26,Crema Hidratante Aloe,Belleza,2,389,778,Móvil App,Nuevo León
2024-02-27,Balón Soccer Pro FIFA,Deportes,2,549,1098,Móvil App,CDMX
2024-02-27,Set de Sábanas Queen 600h,Hogar,1,1139,1139,Online,Chihuahua
2024-02-27,Consola Next X,Electrónica,1,13998.50,13998.50,Online,CDMX
2024-02-28,Tenis Runner Air,Moda,2,2199,4398,Marketplace,Jalisco
2024-02-28,Consola Next X,Electrónica,2,13998.50,27997,Tienda física,Chihuahua
2024-02-28,Rizador de Pelas Digital,Belleza,2,899,1798,Marketplace,Nuevo León
2024-02-28,Barra de Sonido 2.1,Electrónica,1,3499,3499,Marketplace,CDMX
2024-02-29,Juego de Ollas Antiadherentes,Hogar,1,2399,2399,Online,Yucatán
2024-02-29,Juego de Ollas Antiadherentes,Hogar,2,2399,4798,Móvil App,Puebla
2024-02-29,Teclado Mecánico RGB,Electrónica,2,1359,2718,Marketplace,Jalisco
2024-03-03,Juego de Mesa Familiar,Juguetes,1,337,337,Online,Nuevo León
2024-03-03,Set Ciencia Experimentos,Juguetes,1,628.50,628.50,Marketplace,Chihuahua
2024-03-03,Perfume Noir Intense 100ml,Belleza,1,1899,1899,Online,Nuevo León
2024-03-04,Auto RC Turbo Rally,Juguetes,1,584,584,Marketplace,Jalisco
2024-03-04,Serum Vitamina C 30ml,Belleza,1,659,659,Tienda física,Jalisco
2024-03-04,Bloques Creativos 500pz,Juguetes,2,899,1798,Tienda física,Jalisco
2024-03-04,Smartwatch Fit 3,Electrónica,1,2969,2969,Online,Yucatán
2024-03-05,Banda de Correr Plegable,Deportes,1,12499,12499,Móvil App,Yucatán
2024-03-05,Licuadora Turbo 1200W,Hogar,1,1698.50,1698.50,Móvil App,Jalisco
2024-03-05,Paleta de Sombras Nude,Belleza,2,499,998,Online,Puebla
2024-03-05,Camiseta Basic Cotton,Moda,2,299,598,Marketplace,Puebla
2024-03-06,Cámara Action Go,Electrónica,1,6799,6799,Online,Jalisco
2024-03-06,Smart TV 55'',Electrónica,1,11499,11499,Online,Jalisco
2024-03-06,Licuadora Turbo 1200W,Hogar,1,1444,1444,Tienda física,Chihuahua
2024-03-06,Consola Next X,Electrónica,2,13999,27998,Marketplace,CDMX
2024-03-07,Peluche Oso Gigante 1.5m,Juguetes,3,549,1647,Online,CDMX
2024-03-07,Set de Sábanas Queen 600h,Hogar,1,1199,1199,Online,Chihuahua
2024-03-07,Licuadora Turbo 1200W,Hogar,3,1699,5097,Móvil App,Jalisco
2024-03-07,Juego de Ollas Antiadherentes,Hogar,2,2399,4798,Online,Nuevo León
2024-03-08,Cámara Action Go,Electrónica,3,7999,23997,Móvil App,Yucatán
2024-03-08,Vestido Floral Summer,Moda,1,1099,1099,Marketplace,Nuevo León
2024-03-08,Bolso de Cuero Milano,Moda,2,1898.50,3797,Online,Nuevo León
2024-03-08,Casco Ciclismo Aero,Deportes,1,974,974,Online,CDMX
2024-03-09,Serum Vitamina C 30ml,Belleza,2,658.50,1317,Online,CDMX
2024-03-09,Chamarra Denim Classic,Moda,2,1299,2598,Online,Chihuahua
2024-03-10,Aspiradora Robot Clean+,Hogar,1,5699,5699,Marketplace,Yucatán
2024-03-10,Secadora Iónica 2200W,Belleza,2,1499,2998,Online,CDMX
2024-03-11,Casco Ciclismo Aero,Deportes,3,1299,3897,Online,Chihuahua
2024-03-11,Tablet Galaxy 10",Electrónica,1,6499,6499,Móvil App,CDMX
2024-03-11,Barra de Sonido 2.1,Electrónica,1,3499,3499,Online,Puebla
2024-03-12,Pantalón Chino Slim,Moda,1,949,949,Tienda física,Puebla
2024-03-12,Smart TV 55'',Electrónica,2,11499,22998,Online,Jalisco
2024-03-12,Secadora Iónica 2200W,Belleza,1,1498.50,1498.50,Marketplace,Nuevo León
2024-03-14,Juego de Ollas Antiadherentes,Hogar,2,2399,4798,Online,Jalisco
2024-03-14,Laptop Pro 14,Electrónica,1,18999,18999,Marketplace,Yucatán
2024-03-16,Casco Ciclismo Aero,Deportes,1,1234,1234,Online,CDMX
2024-03-16,Juego de Ollas Antiadherentes,Hogar,1,2398.50,2398.50,Móvil App,Jalisco
2024-03-16,Lentes de Sol Retro,Moda,1,759,759,Online,Nuevo León
2024-03-16,Lentes de Sol Retro,Moda,2,759,1518,Marketplace,CDMX
2024-03-17,Juego de Mesa Familiar,Juguetes,3,449,1347,Tienda física,CDMX
2024-03-17,Juego de Mesa Familiar,Juguetes,3,449,1347,Marketplace,Nuevo León
2024-03-18,Barra de Sonido 2.1,Electrónica,3,3498.50,10495.50,Online,Nuevo León
2024-03-18,Set Ciencia Experimentos,Juguetes,1,566,566,Móvil App,Nuevo León
2024-03-18,Aspiradora Robot Clean+,Hogar,1,5999,5999,Online,CDMX
2024-03-18,Smart TV 55'',Electrónica,1,11499,11499,Tienda física,Yucatán
2024-03-21,Balón Soccer Pro FIFA,Deportes,1,549,549,Marketplace,Chihuahua
2024-03-21,Secadora Iónica 2200W,Belleza,1,1499,1499,Marketplace,Yucatán
2024-03-21,Balón Soccer Pro FIFA,Deportes,4,548.50,2194,Marketplace,CDMX
2024-03-21,Audífonos ANC Studio,Electrónica,2,2498.50,4997,Marketplace,Puebla
2024-03-21,Set Ciencia Experimentos,Juguetes,2,629,1258,Online,Puebla
2024-03-22,Yoga Mat Premium,Deportes,1,649,649,Tienda física,Jalisco
2024-03-22,Kit Bandas Elásticas,Deportes,1,299,299,Marketplace,CDMX
2024-03-23,Crema Hidratante Aloe,Belleza,3,389,1167,Tienda física,Chihuahua
2024-03-23,Barra de Sonido 2.1,Electrónica,1,3499,3499,Móvil App,CDMX
2024-03-23,Banda de Correr Plegable,Deportes,3,12498.50,37495.50,Online,Jalisco
2024-03-23,Teclado Mecánico RGB,Electrónica,2,1599,3198,Online,Jalisco
2024-03-23,Consola Next X,Electrónica,1,13998.50,13998.50,Online,Jalisco
2024-03-25,Serum Vitamina C 30ml,Belleza,1,659,659,Online,CDMX
2024-03-25,Licuadora Turbo 1200W,Hogar,2,1698.50,3397,Móvil App,CDMX
2024-03-26,Rizador de Pelas Digital,Belleza,1,899,899,Marketplace,Puebla
2024-03-26,Tablet Galaxy 10",Electrónica,1,6498.50,6498.50,Móvil App,CDMX
2024-03-26,Sudadera Hoodie Urban,Moda,1,899,899,Online,CDMX
2024-03-27,Licuadora Turbo 1200W,Hogar,2,1699,3398,Online,Puebla
2024-03-27,Crema Hidratante Aloe,Belleza,2,389,778,Marketplace,CDMX
2024-03-27,Lentes de Sol Retro,Moda,1,758.50,758.50,Tienda física,Yucatán
2024-03-27,Tablet Galaxy 10",Electrónica,1,6498.50,6498.50,Tienda física,Yucatán
2024-03-27,Serum Vitamina C 30ml,Belleza,1,658.50,658.50,Marketplace,Jalisco
2024-03-28,Crema Hidratante Aloe,Belleza,6,389,2334,Marketplace,Chihuahua
2024-03-29,Juego de Mesa Familiar,Juguetes,2,449,898,Online,CDMX
2024-03-29,Paleta de Sombras Nude,Belleza,2,424,848,Móvil App,Puebla
2024-03-29,Juego de Mesa Familiar,Juguetes,1,449,449,Marketplace,CDMX
2024-03-29,Pantalón Chino Slim,Moda,1,949,949,Tienda física,Nuevo León
2024-03-30,Bicicleta Urbana R26,Deportes,1,7998.50,7998.50,Tienda física,Nuevo León
2024-03-31,Laptop Pro 14,Electrónica,2,18999,37998,Online,Nuevo León
2024-03-31,Juego de Mesa Familiar,Juguetes,3,449,1347,Online,Jalisco
2024-03-31,Teclado Mecánico RGB,Electrónica,1,1599,1599,Marketplace,Nuevo León
2024-03-31,Juego de Mesa Familiar,Juguetes,1,449,449,Tienda física,CDMX
2024-04-01,Auto RC Turbo Rally,Juguetes,1,662,662,Marketplace,CDMX
2024-04-01,Licuadora Turbo 1200W,Hogar,2,1444,2888,Móvil App,Nuevo León
2024-04-01,Purificador de Aire Mini,Hogar,2,2899,5798,Online,Chihuahua
2024-04-01,Smartwatch Fit 3,Electrónica,1,3298.50,3298.50,Online,CDMX
2024-04-01,Camiseta Basic Cotton,Moda,1,399,399,Tienda física,Chihuahua
2024-04-02,Laptop Pro 14,Electrónica,1,18999,18999,Tienda física,CDMX
2024-04-02,Yoga Mat Premium,Deportes,5,649,3245,Online,Jalisco
2024-04-02,Smartwatch Fit 3,Electrónica,1,3299,3299,Marketplace,Puebla
2024-04-02,Set de Sábanas Queen 600h,Hogar,1,1199,1199,Online,CDMX
2024-04-02,Sudadera Hoodie Urban,Moda,1,898.50,898.50,Tienda física,Chihuahua
2024-04-02,Balón Soccer Pro FIFA,Deportes,1,412,412,Online,CDMX
2024-04-03,Secadora Iónica 2200W,Belleza,1,1349,1349,Móvil App,CDMX
2024-04-04,Barra de Sonido 2.1,Electrónica,2,3498.50,6997,Móvil App,Yucatán
2024-04-04,Purificador de Aire Mini,Hogar,1,2898.50,2898.50,Online,Nuevo León
2024-04-04,Peluche Oso Gigante 1.5m,Juguetes,1,549,549,Online,CDMX
2024-04-04,Dron Junior HD,Juguetes,1,1519,1519,Online,Chihuahua
2024-04-05,Juego de Mesa Familiar,Juguetes,3,449,1347,Online,CDMX
2024-04-05,Teclado Mecánico RGB,Electrónica,2,1599,3198,Online,Puebla
2024-04-05,Serum Vitamina C 30ml,Belleza,2,659,1318,Online,Nuevo León
2024-04-06,Kit Bandas Elásticas,Deportes,2,299,598,Tienda física,CDMX
2024-04-06,Cámara Action Go,Electrónica,2,7999,15998,Marketplace,Chihuahua
2024-04-06,Secadora Iónica 2200W,Belleza,1,1124,1124,Marketplace,CDMX
2024-04-06,Cafetera Espresso Deluxe,Hogar,1,4599,4599,Online,Nuevo León
2024-04-06,Smartphone X5,Electrónica,2,8999,17998,Marketplace,Yucatán
2024-04-09,Cámara Action Go,Electrónica,3,7998.50,23995.50,Marketplace,CDMX
2024-04-09,Smartphone X5,Electrónica,1,8999,8999,Móvil App,Chihuahua
2024-04-09,Bolso de Cuero Milano,Moda,2,1804,3608,Móvil App,CDMX
2024-04-09,Paleta de Sombras Nude,Belleza,2,499,998,Tienda física,Jalisco
2024-04-09,Barra de Sonido 2.1,Electrónica,2,3498.50,6997,Tienda física,Puebla
2024-04-09,Crema Hidratante Aloe,Belleza,1,389,389,Online,Nuevo León
2024-04-09,Consola Next X,Electrónica,2,10499,20998,Marketplace,Jalisco
2024-04-10,Crema Hidratante Aloe,Belleza,1,389,389,Móvil App,Puebla
2024-04-11,Bloques Creativos 500pz,Juguetes,1,899,899,Marketplace,Jalisco
2024-04-12,Laptop Pro 14,Electrónica,2,18998.50,37997,Marketplace,Jalisco
2024-04-12,Bolso de Cuero Milano,Moda,1,1898.50,1898.50,Tienda física,CDMX
2024-04-12,Set Ciencia Experimentos,Juguetes,1,628.50,628.50,Online,Puebla
2024-04-13,Barra de Sonido 2.1,Electrónica,1,3498.50,3498.50,Tienda física,Nuevo León
2024-04-13,Audífonos ANC Studio,Electrónica,3,2249,6747,Marketplace,CDMX
2024-04-14,Licuadora Turbo 1200W,Hogar,1,1699,1699,Online,Jalisco
2024-04-14,Perfume Noir Intense 100ml,Belleza,2,1614,3228,Marketplace,Nuevo León
2024-04-14,Vestido Floral Summer,Moda,2,989,1978,Tienda física,Nuevo León
2024-04-15,Cámara Action Go,Electrónica,3,6399,19197,Online,Puebla
2024-04-15,Audífonos ANC Studio,Electrónica,2,2498.50,4997,Marketplace,Puebla
2024-04-15,Serum Vitamina C 30ml,Belleza,2,593,1186,Online,Yucatán
2024-04-16,Set Ciencia Experimentos,Juguetes,2,628.50,1257,Tienda física,Puebla
2024-04-16,Peluche Oso Gigante 1.5m,Juguetes,1,549,549,Online,Jalisco
2024-04-17,Bloques Creativos 500pz,Juguetes,2,719,1438,Marketplace,Chihuahua
2024-04-18,Tablet Galaxy 10",Electrónica,2,6498.50,12997,Tienda física,CDMX
2024-04-18,Banda de Correr Plegable,Deportes,2,12498.50,24997,Tienda física,Nuevo León
2024-04-18,Paleta de Sombras Nude,Belleza,1,499,499,Tienda física,Yucatán
2024-04-18,Mancuernas Ajustables 10kg,Deportes,1,999,999,Online,Nuevo León
2024-04-18,Bolso de Cuero Milano,Moda,2,1424,2848,Online,CDMX
2024-04-20,Sudadera Hoodie Urban,Moda,1,899,899,Tienda física,CDMX
2024-04-20,Paleta de Sombras Nude,Belleza,1,499,499,Online,Nuevo León
2024-04-20,Aspiradora Robot Clean+,Hogar,2,5999,11998,Marketplace,Yucatán
2024-04-20,Set Ciencia Experimentos,Juguetes,2,629,1258,Tienda física,CDMX
2024-04-21,Laptop Pro 14,Electrónica,1,18998.50,18998.50,Online,Nuevo León
2024-04-21,Rizador de Pelas Digital,Belleza,3,899,2697,Online,Nuevo León
2024-04-22,Smartwatch Fit 3,Electrónica,3,3298.50,9895.50,Online,Jalisco
2024-04-23,Cámara Action Go,Electrónica,1,7999,7999,Tienda física,Chihuahua
2024-04-23,Smart TV 55'',Electrónica,1,10349,10349,Móvil App,Nuevo León
2024-04-23,Laptop Pro 14,Electrónica,1,18999,18999,Marketplace,Chihuahua
2024-04-25,Set de Sábanas Queen 600h,Hogar,2,1079,2158,Online,CDMX
2024-04-25,Smart TV 55'',Electrónica,2,11499,22998,Online,Nuevo León
2024-04-26,Purificador de Aire Mini,Hogar,4,2754,11016,Online,CDMX
2024-04-26,Secadora Iónica 2200W,Belleza,2,1498.50,2997,Marketplace,Chihuahua
2024-04-26,Mancuernas Ajustables 10kg,Deportes,2,949,1898,Online,Jalisco
2024-04-28,Kit Bandas Elásticas,Deportes,3,299,897,Online,CDMX
2024-04-28,Juego de Ollas Antiadherentes,Hogar,1,2399,2399,Tienda física,Nuevo León
2024-04-28,Set Ciencia Experimentos,Juguetes,1,628.50,628.50,Online,Jalisco
2024-04-28,Consola Next X,Electrónica,1,10499,10499,Online,Nuevo León
2024-04-29,Casco Ciclismo Aero,Deportes,2,1299,2598,Marketplace,CDMX
2024-04-29,Balón Soccer Pro FIFA,Deportes,5,549,2745,Online,Jalisco
2024-04-29,Banda de Correr Plegable,Deportes,2,12499,24998,Online,Nuevo León
2024-04-30,Vestido Floral Summer,Moda,3,934,2802,Tienda física,CDMX
2024-04-30,Lámpara LED Inteligente,Hogar,2,549,1098,Online,Yucatán
2024-05-01,Purificador de Aire Mini,Hogar,2,2464,4928,Online,CDMX
2024-05-02,Laptop Pro 14,Electrónica,1,18998.50,18998.50,Online,Yucatán
2024-05-02,Cafetera Espresso Deluxe,Hogar,2,4598.50,9197,Online,Puebla
2024-05-02,Dron Junior HD,Juguetes,1,1599,1599,Móvil App,Nuevo León
2024-05-02,Bicicleta Urbana R26,Deportes,1,7999,7999,Online,Jalisco
2024-05-03,Camiseta Basic Cotton,Moda,3,399,1197,Marketplace,Yucatán
2024-05-03,Casco Ciclismo Aero,Deportes,2,1299,2598,Tienda física,Chihuahua
2024-05-03,Chamarra Denim Classic,Moda,1,974,974,Móvil App,Nuevo León
2024-05-03,Sudadera Hoodie Urban,Moda,2,899,1798,Marketplace,Jalisco
2024-05-03,Purificador de Aire Mini,Hogar,2,2899,5798,Online,Jalisco
2024-05-03,Juego de Ollas Antiadherentes,Hogar,2,2399,4798,Tienda física,CDMX
2024-05-03,Aspiradora Robot Clean+,Hogar,1,5699,5699,Online,CDMX
2024-05-03,Audífonos ANC Studio,Electrónica,2,2499,4998,Marketplace,CDMX
2024-05-04,Set de Sábanas Queen 600h,Hogar,2,1199,2398,Tienda física,Jalisco
2024-05-05,Consola Next X,Electrónica,5,13998.50,69992.50,Móvil App,CDMX
2024-05-05,Sudadera Hoodie Urban,Moda,1,899,899,Online,Yucatán
2024-05-06,Tablet Galaxy 10",Electrónica,1,5199,5199,Tienda física,CDMX
2024-05-06,Set Ciencia Experimentos,Juguetes,2,628.50,1257,Tienda física,Yucatán
2024-05-07,Tablet Galaxy 10",Electrónica,2,6499,12998,Online,Jalisco
2024-05-08,Secadora Iónica 2200W,Belleza,1,1424,1424,Móvil App,CDMX
2024-05-08,Perfume Noir Intense 100ml,Belleza,1,1899,1899,Online,CDMX
2024-05-09,Set de Sábanas Queen 600h,Hogar,2,1199,2398,Tienda física,Jalisco
2024-05-09,Kit Bandas Elásticas,Deportes,2,269,538,Tienda física,Nuevo León
2024-05-09,Rizador de Pelas Digital,Belleza,2,898.50,1797,Móvil App,CDMX
2024-05-09,Tablet Galaxy 10",Electrónica,1,6498.50,6498.50,Móvil App,CDMX
2024-05-10,Yoga Mat Premium,Deportes,2,648.50,1297,Móvil App,CDMX
2024-05-10,Audífonos ANC Studio,Electrónica,1,2374,2374,Tienda física,CDMX
2024-05-10,Camiseta Basic Cotton,Moda,2,399,798,Móvil App,CDMX
2024-05-10,Purificador de Aire Mini,Hogar,1,2754,2754,Móvil App,Jalisco
2024-05-11,Cafetera Espresso Deluxe,Hogar,1,4598.50,4598.50,Online,Nuevo León
2024-05-11,Audífonos ANC Studio,Electrónica,2,2499,4998,Online,CDMX
2024-05-11,Bicicleta Urbana R26,Deportes,1,7999,7999,Online,Puebla
2024-05-12,Audífonos ANC Studio,Electrónica,1,2499,2499,Online,Chihuahua
2024-05-12,Mancuernas Ajustables 10kg,Deportes,1,998.50,998.50,Móvil App,Nuevo León
2024-05-13,Tablet Galaxy 10",Electrónica,3,6498.50,19495.50,Móvil App,CDMX
2024-05-13,Licuadora Turbo 1200W,Hogar,1,1699,1699,Online,CDMX
2024-05-14,Serum Vitamina C 30ml,Belleza,3,658.50,1975.50,Marketplace,Chihuahua
2024-05-14,Serum Vitamina C 30ml,Belleza,2,659,1318,Online,Yucatán
2024-05-16,Casco Ciclismo Aero,Deportes,2,1298.50,2597,Tienda física,Yucatán
2024-05-16,Teclado Mecánico RGB,Electrónica,1,1599,1599,Marketplace,CDMX
2024-05-16,Tenis Runner Air,Moda,2,2198.50,4397,Marketplace,Nuevo León
2024-05-17,Kit Bandas Elásticas,Deportes,5,224,1120,Marketplace,Yucatán
2024-05-19,Paleta de Sombras Nude,Belleza,1,499,499,Online,CDMX
2024-05-19,Sudadera Hoodie Urban,Moda,1,898.50,898.50,Online,Yucatán
2024-05-20,Vestido Floral Summer,Moda,1,1099,1099,Tienda física,Nuevo León
2024-05-21,Yoga Mat Premium,Deportes,1,649,649,Tienda física,CDMX
2024-05-22,Tenis Runner Air,Moda,1,2199,2199,Móvil App,Jalisco
2024-05-23,Bloques Creativos 500pz,Juguetes,2,899,1798,Tienda física,Puebla
2024-05-24,Paleta de Sombras Nude,Belleza,6,499,2994,Marketplace,Nuevo León
2024-05-25,Banda de Correr Plegable,Deportes,6,12499,74994,Móvil App,CDMX
2024-05-25,Sudadera Hoodie Urban,Moda,2,809,1618,Tienda física,Yucatán
2024-05-25,Kit Bandas Elásticas,Deportes,2,269,538,Online,CDMX
2024-05-26,Peluche Oso Gigante 1.5m,Juguetes,2,412,824,Online,Chihuahua
2024-05-27,Paleta de Sombras Nude,Belleza,2,374,748,Marketplace,Yucatán
2024-05-27,Sudadera Hoodie Urban,Moda,1,899,899,Marketplace,CDMX
2024-05-28,Laptop Pro 14,Electrónica,1,18999,18999,Marketplace,CDMX
2024-05-29,Licuadora Turbo 1200W,Hogar,2,1698.50,3397,Marketplace,Yucatán
2024-05-29,Tablet Galaxy 10",Electrónica,2,6499,12998,Online,CDMX
2024-05-30,Casco Ciclismo Aero,Deportes,6,1298.50,7791,Online,Nuevo León
2024-05-31,Cámara Action Go,Electrónica,1,7999,7999,Online,Puebla
2024-06-01,Dron Junior HD,Juguetes,2,1439,2878,Tienda física,Puebla
2024-06-01,Bloques Creativos 500pz,Juguetes,1,674,674,Marketplace,Nuevo León
2024-06-01,Smart TV 55'',Electrónica,1,10924,10924,Móvil App,CDMX
2024-06-01,Camiseta Basic Cotton,Moda,1,399,399,Marketplace,Jalisco
2024-06-02,Secadora Iónica 2200W,Belleza,3,1499,4497,Móvil App,Puebla
2024-06-02,Rizador de Pelas Digital,Belleza,4,899,3596,Móvil App,Jalisco
2024-06-02,Mancuernas Ajustables 10kg,Deportes,1,799,799,Marketplace,Puebla
2024-06-03,Auto RC Turbo Rally,Juguetes,2,584,1168,Marketplace,Jalisco
2024-06-03,Tablet Galaxy 10",Electrónica,3,6498.50,19495.50,Online,CDMX
2024-06-04,Purificador de Aire Mini,Hogar,1,2898.50,2898.50,Tienda física,CDMX
2024-06-05,Juego de Mesa Familiar,Juguetes,2,449,898,Marketplace,Nuevo León
2024-06-05,Juego de Mesa Familiar,Juguetes,1,449,449,Marketplace,Nuevo León
2024-06-05,Auto RC Turbo Rally,Juguetes,1,779,779,Tienda física,Jalisco
2024-06-05,Auto RC Turbo Rally,Juguetes,1,740,740,Online,Puebla
2024-06-06,Auto RC Turbo Rally,Juguetes,2,701,1402,Marketplace,CDMX
2024-06-06,Crema Hidratante Aloe,Belleza,1,389,389,Móvil App,CDMX
2024-06-06,Vestido Floral Summer,Moda,1,1099,1099,Online,CDMX
2024-06-06,Bicicleta Urbana R26,Deportes,1,7999,7999,Tienda física,Puebla
2024-06-08,Licuadora Turbo 1200W,Hogar,2,1698.50,3397,Tienda física,Chihuahua
2024-06-09,Barra de Sonido 2.1,Electrónica,1,2624,2624,Móvil App,Chihuahua
2024-06-09,Perfume Noir Intense 100ml,Belleza,1,1519,1519,Online,CDMX
2024-06-09,Barra de Sonido 2.1,Electrónica,1,2624,2624,Online,Yucatán
2024-06-10,Secadora Iónica 2200W,Belleza,1,1499,1499,Tienda física,Chihuahua
2024-06-10,Sudadera Hoodie Urban,Moda,1,899,899,Marketplace,CDMX
2024-06-10,Audífonos ANC Studio,Electrónica,2,2499,4998,Online,CDMX
2024-06-11,Bloques Creativos 500pz,Juguetes,1,764,764,Móvil App,Puebla
2024-06-11,Tablet Galaxy 10",Electrónica,2,6499,12998,Marketplace,Nuevo León
2024-06-11,Aspiradora Robot Clean+,Hogar,1,5999,5999,Online,CDMX
2024-06-11,Rizador de Pelas Digital,Belleza,1,764,764,Marketplace,CDMX
2024-06-11,Set Ciencia Experimentos,Juguetes,2,629,1258,Tienda física,CDMX
2024-06-11,Auto RC Turbo Rally,Juguetes,3,778.50,2335.50,Marketplace,Puebla
2024-06-12,Teclado Mecánico RGB,Electrónica,1,1599,1599,Móvil App,CDMX
2024-06-12,Audífonos ANC Studio,Electrónica,3,2499,7497,Online,Puebla
2024-06-12,Cámara Action Go,Electrónica,1,7999,7999,Marketplace,CDMX
2024-06-12,Cámara Action Go,Electrónica,4,7998.50,31994,Online,CDMX
2024-06-12,Bolso de Cuero Milano,Moda,1,1899,1899,Online,CDMX
2024-06-12,Balón Soccer Pro FIFA,Deportes,1,549,549,Marketplace,Puebla
2024-06-13,Lentes de Sol Retro,Moda,2,721,1442,Móvil App,CDMX
2024-06-13,Bolso de Cuero Milano,Moda,3,1899,5697,Tienda física,Nuevo León
2024-06-14,Casco Ciclismo Aero,Deportes,1,1299,1299,Online,Nuevo León
2024-06-14,Kit Bandas Elásticas,Deportes,2,299,598,Móvil App,Jalisco
2024-06-15,Tablet Galaxy 10",Electrónica,1,5524,5524,Tienda física,Chihuahua
2024-06-15,Camiseta Basic Cotton,Moda,1,399,399,Marketplace,Jalisco
2024-06-16,Cafetera Espresso Deluxe,Hogar,3,4599,13797,Online,Puebla
2024-06-17,Kit Bandas Elásticas,Deportes,1,299,299,Online,CDMX
2024-06-17,Rizador de Pelas Digital,Belleza,2,719,1438,Online,CDMX
2024-06-17,Casco Ciclismo Aero,Deportes,2,1299,2598,Marketplace,Chihuahua
2024-06-18,Juego de Mesa Familiar,Juguetes,1,449,449,Online,Puebla
2024-06-18,Smart TV 55'',Electrónica,1,8624,8624,Online,Jalisco
2024-06-18,Rizador de Pelas Digital,Belleza,3,719,2157,Móvil App,Puebla
2024-06-18,Balón Soccer Pro FIFA,Deportes,3,549,1647,Online,Jalisco
2024-06-19,Bicicleta Urbana R26,Deportes,3,7999,23997,Móvil App,CDMX
2024-06-19,Rizador de Pelas Digital,Belleza,3,898.50,2695.50,Marketplace,Puebla
2024-06-19,Mancuernas Ajustables 10kg,Deportes,1,998.50,998.50,Marketplace,Yucatán
2024-06-20,Camiseta Basic Cotton,Moda,1,399,399,Marketplace,CDMX
2024-06-20,Juego de Ollas Antiadherentes,Hogar,6,2399,14394,Tienda física,CDMX
2024-06-20,Barra de Sonido 2.1,Electrónica,1,3498.50,3498.50,Tienda física,Jalisco
2024-06-21,Juego de Mesa Familiar,Juguetes,3,449,1347,Marketplace,Puebla
2024-06-21,Aspiradora Robot Clean+,Hogar,2,5699,11398,Online,Puebla
2024-06-22,Dron Junior HD,Juguetes,1,1359,1359,Marketplace,Yucatán
2024-06-22,Perfume Noir Intense 100ml,Belleza,1,1899,1899,Tienda física,Yucatán
2024-06-24,Auto RC Turbo Rally,Juguetes,1,779,779,Marketplace,Chihuahua
2024-06-24,Teclado Mecánico RGB,Electrónica,1,1599,1599,Online,CDMX
2024-06-25,Barra de Sonido 2.1,Electrónica,1,3499,3499,Tienda física,Jalisco
2024-06-25,Bicicleta Urbana R26,Deportes,1,7998.50,7998.50,Tienda física,CDMX
2024-06-25,Cámara Action Go,Electrónica,1,7999,7999,Online,CDMX
2024-06-25,Camiseta Basic Cotton,Moda,1,399,399,Marketplace,CDMX
2024-06-25,Paleta de Sombras Nude,Belleza,2,499,998,Online,Yucatán
2024-06-27,Crema Hidratante Aloe,Belleza,1,389,389,Móvil App,Yucatán
2024-06-27,Smartwatch Fit 3,Electrónica,1,2804,2804,Online,Chihuahua
2024-06-27,Cámara Action Go,Electrónica,1,7998.50,7998.50,Online,CDMX
2024-06-28,Paleta de Sombras Nude,Belleza,1,499,499,Marketplace,Nuevo León
2024-06-28,Bicicleta Urbana R26,Deportes,2,6399,12798,Móvil App,Jalisco
2024-06-29,Crema Hidratante Aloe,Belleza,1,389,389,Tienda física,Jalisco
2024-06-29,Tablet Galaxy 10",Electrónica,1,6499,6499,Online,Nuevo León
2024-06-29,Juego de Ollas Antiadherentes,Hogar,2,2399,4798,Tienda física,CDMX
2024-06-30,Smart TV 55'',Electrónica,2,9199,18398,Online,CDMX
2024-06-30,Barra de Sonido 2.1,Electrónica,2,3499,6998,Tienda física,Jalisco
2024-06-30,Chamarra Denim Classic,Moda,5,1299,6495,Online,CDMX
2024-06-30,Bicicleta Urbana R26,Deportes,1,7999,7999,Online,Jalisco
2024-07-01,Audífonos ANC Studio,Electrónica,1,2499,2499,Online,Jalisco
2024-07-02,Tablet Galaxy 10",Electrónica,1,6498.50,6498.50,Online,CDMX
2024-07-03,Peluche Oso Gigante 1.5m,Juguetes,2,548.50,1097,Marketplace,CDMX
2024-07-03,Tablet Galaxy 10",Electrónica,2,6499,12998,Tienda física,CDMX
2024-07-04,Set Ciencia Experimentos,Juguetes,2,598,1196,Online,Chihuahua
2024-07-04,Camiseta Basic Cotton,Moda,1,399,399,Tienda física,Jalisco
2024-07-04,Lentes de Sol Retro,Moda,2,759,1518,Marketplace,Puebla
2024-07-04,Cafetera Espresso Deluxe,Hogar,1,3909,3909,Tienda física,Jalisco
2024-07-05,Peluche Oso Gigante 1.5m,Juguetes,1,548.50,548.50,Tienda física,Jalisco
2024-07-06,Audífonos ANC Studio,Electrónica,1,2499,2499,Online,Jalisco
2024-07-06,Camiseta Basic Cotton,Moda,3,399,1197,Tienda física,Nuevo León
2024-07-06,Consola Next X,Electrónica,2,13998.50,27997,Online,Nuevo León
2024-07-07,Smartwatch Fit 3,Electrónica,3,3299,9897,Online,Jalisco
2024-07-08,Teclado Mecánico RGB,Electrónica,3,1599,4797,Online,Chihuahua
2024-07-08,Chamarra Denim Classic,Moda,2,1299,2598,Online,CDMX
2024-07-09,Perfume Noir Intense 100ml,Belleza,1,1899,1899,Marketplace,CDMX
2024-07-11,Purificador de Aire Mini,Hogar,1,2899,2899,Tienda física,Nuevo León
2024-07-11,Aspiradora Robot Clean+,Hogar,1,5999,5999,Online,Jalisco
2024-07-11,Casco Ciclismo Aero,Deportes,2,1298.50,2597,Online,Chihuahua
2024-07-11,Purificador de Aire Mini,Hogar,5,2898.50,14492.50,Marketplace,CDMX
2024-07-12,Lámpara LED Inteligente,Hogar,2,548.50,1097,Marketplace,Nuevo León
2024-07-12,Teclado Mecánico RGB,Electrónica,1,1519,1519,Marketplace,Jalisco
2024-07-13,Serum Vitamina C 30ml,Belleza,1,658.50,658.50,Tienda física,CDMX
2024-07-13,Purificador de Aire Mini,Hogar,1,2898.50,2898.50,Online,Nuevo León
2024-07-13,Balón Soccer Pro FIFA,Deportes,1,549,549,Móvil App,CDMX
2024-07-13,Set de Sábanas Queen 600h,Hogar,3,1199,3597,Móvil App,Puebla
2024-07-13,Audífonos ANC Studio,Electrónica,2,2498.50,4997,Online,CDMX
2024-07-13,Purificador de Aire Mini,Hogar,1,2898.50,2898.50,Online,CDMX
2024-07-13,Tenis Runner Air,Moda,2,2199,4398,Online,Puebla
2024-07-14,Banda de Correr Plegable,Deportes,1,12498.50,12498.50,Online,Jalisco
2024-07-14,Cafetera Espresso Deluxe,Hogar,1,4599,4599,Marketplace,Yucatán
2024-07-14,Juego de Mesa Familiar,Juguetes,1,449,449,Online,CDMX
2024-07-15,Chamarra Denim Classic,Moda,1,1299,1299,Móvil App,Nuevo León
2024-07-15,Tenis Runner Air,Moda,1,2198.50,2198.50,Online,Jalisco
2024-07-15,Vestido Floral Summer,Moda,1,1099,1099,Marketplace,Jalisco
2024-07-16,Consola Next X,Electrónica,2,13998.50,27997,Marketplace,Jalisco
2024-07-17,Vestido Floral Summer,Moda,1,1099,1099,Móvil App,Chihuahua
2024-07-17,Aspiradora Robot Clean+,Hogar,1,4799,4799,Móvil App,CDMX
2024-07-18,Sudadera Hoodie Urban,Moda,1,854,854,Móvil App,Nuevo León
2024-07-19,Camiseta Basic Cotton,Moda,1,339,339,Online,Nuevo León
2024-07-19,Paleta de Sombras Nude,Belleza,2,499,998,Marketplace,CDMX
2024-07-19,Audífonos ANC Studio,Electrónica,1,2499,2499,Online,Puebla
2024-07-19,Peluche Oso Gigante 1.5m,Juguetes,6,549,3294,Marketplace,Chihuahua
2024-07-19,Cámara Action Go,Electrónica,2,7999,15998,Tienda física,Jalisco
2024-07-19,Audífonos ANC Studio,Electrónica,3,2498.50,7495.50,Marketplace,Jalisco
2024-07-19,Aspiradora Robot Clean+,Hogar,4,5999,23996,Marketplace,CDMX
2024-07-22,Dron Junior HD,Juguetes,2,1599,3198,Tienda física,Chihuahua
2024-07-22,Rizador de Pelas Digital,Belleza,1,899,899,Móvil App,CDMX
2024-07-22,Tablet Galaxy 10",Electrónica,1,6499,6499,Online,Puebla
2024-07-22,Smartphone X5,Electrónica,2,7199,14398,Online,Nuevo León
2024-07-22,Paleta de Sombras Nude,Belleza,2,499,998,Marketplace,Yucatán
2024-07-23,Juego de Ollas Antiadherentes,Hogar,1,2398.50,2398.50,Tienda física,Nuevo León
2024-07-23,Yoga Mat Premium,Deportes,2,649,1298,Marketplace,CDMX
2024-07-23,Vestido Floral Summer,Moda,2,1098.50,2197,Marketplace,Puebla
2024-07-24,Rizador de Pelas Digital,Belleza,1,899,899,Online,CDMX
2024-07-25,Auto RC Turbo Rally,Juguetes,1,778.50,778.50,Tienda física,Chihuahua
2024-07-25,Barra de Sonido 2.1,Electrónica,1,2974,2974,Tienda física,Puebla
2024-07-25,Camiseta Basic Cotton,Moda,1,399,399,Marketplace,CDMX
2024-07-26,Serum Vitamina C 30ml,Belleza,3,659,1977,Marketplace,Puebla
2024-07-27,Tablet Galaxy 10",Electrónica,2,5849,11698,Tienda física,CDMX
2024-07-27,Smart TV 55'',Electrónica,1,11499,11499,Marketplace,CDMX
2024-07-28,Banda de Correr Plegable,Deportes,1,11874,11874,Móvil App,Yucatán
2024-07-29,Audífonos ANC Studio,Electrónica,3,2499,7497,Marketplace,Yucatán
2024-07-29,Cámara Action Go,Electrónica,2,7999,15998,Marketplace,CDMX
2024-07-29,Secadora Iónica 2200W,Belleza,1,1499,1499,Tienda física,Chihuahua
2024-07-30,Auto RC Turbo Rally,Juguetes,1,662,662,Tienda física,Nuevo León
2024-07-31,Laptop Pro 14,Electrónica,2,14249,28498,Tienda física,Nuevo León
2024-08-01,Purificador de Aire Mini,Hogar,1,2899,2899,Marketplace,CDMX
2024-08-01,Lámpara LED Inteligente,Hogar,6,548.50,3291,Tienda física,Puebla
2024-08-02,Mancuernas Ajustables 10kg,Deportes,3,998.50,2995.50,Tienda física,Jalisco
2024-08-02,Juego de Mesa Familiar,Juguetes,1,449,449,Tienda física,Nuevo León
2024-08-05,Secadora Iónica 2200W,Belleza,1,1499,1499,Tienda física,Yucatán
2024-08-05,Cámara Action Go,Electrónica,1,7999,7999,Móvil App,Jalisco
2024-08-05,Purificador de Aire Mini,Hogar,3,2609,7827,Tienda física,CDMX
2024-08-06,Crema Hidratante Aloe,Belleza,1,389,389,Online,Puebla
2024-08-06,Crema Hidratante Aloe,Belleza,2,389,778,Online,Yucatán
2024-08-06,Cámara Action Go,Electrónica,2,7998.50,15997,Móvil App,Jalisco
2024-08-07,Bolso de Cuero Milano,Moda,3,1899,5697,Marketplace,CDMX
2024-08-07,Aspiradora Robot Clean+,Hogar,1,5998.50,5998.50,Online,Jalisco
2024-08-07,Teclado Mecánico RGB,Electrónica,3,1599,4797,Online,Chihuahua
2024-08-07,Audífonos ANC Studio,Electrónica,1,2498.50,2498.50,Tienda física,Puebla
2024-08-07,Serum Vitamina C 30ml,Belleza,4,659,2636,Móvil App,Yucatán
2024-08-09,Juego de Ollas Antiadherentes,Hogar,1,2399,2399,Marketplace,CDMX
2024-08-09,Consola Next X,Electrónica,2,13999,27998,Marketplace,Jalisco
2024-08-10,Juego de Mesa Familiar,Juguetes,1,449,449,Online,Puebla
2024-08-10,Smartphone X5,Electrónica,1,8998.50,8998.50,Tienda física,Jalisco
2024-08-10,Secadora Iónica 2200W,Belleza,1,1499,1499,Online,Chihuahua
2024-08-11,Auto RC Turbo Rally,Juguetes,2,701,1402,Online,Nuevo León
2024-08-11,Laptop Pro 14,Electrónica,1,18999,18999,Tienda física,CDMX
2024-08-11,Lámpara LED Inteligente,Hogar,1,549,549,Tienda física,Jalisco
2024-08-11,Perfume Noir Intense 100ml,Belleza,1,1709,1709,Tienda física,CDMX
2024-08-13,Paleta de Sombras Nude,Belleza,1,449,449,Marketplace,CDMX
2024-08-13,Lentes de Sol Retro,Moda,1,645,645,Marketplace,Yucatán
2024-08-13,Rizador de Pelas Digital,Belleza,1,899,899,Tienda física,CDMX
2024-08-13,Purificador de Aire Mini,Hogar,1,2754,2754,Online,Nuevo León
2024-08-14,Bloques Creativos 500pz,Juguetes,1,899,899,Tienda física,Chihuahua
2024-08-14,Yoga Mat Premium,Deportes,1,648.50,648.50,Online,Puebla
2024-08-14,Lámpara LED Inteligente,Hogar,2,548.50,1097,Móvil App,CDMX
2024-08-15,Smartwatch Fit 3,Electrónica,1,2474,2474,Online,CDMX
2024-08-15,Chamarra Denim Classic,Moda,1,1298.50,1298.50,Tienda física,Puebla
2024-08-15,Bloques Creativos 500pz,Juguetes,3,899,2697,Online,CDMX
2024-08-15,Purificador de Aire Mini,Hogar,2,2899,5798,Marketplace,CDMX
2024-08-16,Serum Vitamina C 30ml,Belleza,3,560,1680,Marketplace,Jalisco
2024-08-18,Crema Hidratante Aloe,Belleza,1,389,389,Marketplace,Jalisco
2024-08-18,Banda de Correr Plegable,Deportes,2,12498.50,24997,Marketplace,Yucatán
2024-08-19,Sudadera Hoodie Urban,Moda,1,764,764,Online,CDMX
2024-08-19,Smartphone X5,Electrónica,1,8999,8999,Marketplace,CDMX
2024-08-19,Bicicleta Urbana R26,Deportes,1,7999,7999,Móvil App,Yucatán
2024-08-19,Serum Vitamina C 30ml,Belleza,3,659,1977,Tienda física,Jalisco
2024-08-19,Secadora Iónica 2200W,Belleza,2,1499,2998,Tienda física,Puebla
2024-08-20,Banda de Correr Plegable,Deportes,2,12499,24998,Tienda física,CDMX
2024-08-20,Secadora Iónica 2200W,Belleza,1,1499,1499,Marketplace,Jalisco
2024-08-21,Perfume Noir Intense 100ml,Belleza,1,1899,1899,Móvil App,Puebla
2024-08-21,Peluche Oso Gigante 1.5m,Juguetes,6,548.50,3291,Tienda física,CDMX
2024-08-21,Teclado Mecánico RGB,Electrónica,1,1519,1519,Móvil App,Jalisco
2024-08-22,Serum Vitamina C 30ml,Belleza,2,659,1318,Marketplace,Chihuahua
2024-08-23,Smartphone X5,Electrónica,1,8999,8999,Online,Yucatán
2024-08-23,Tablet Galaxy 10",Electrónica,1,6499,6499,Online,Puebla
2024-08-24,Secadora Iónica 2200W,Belleza,3,1424,4272,Tienda física,CDMX
2024-08-26,Dron Junior HD,Juguetes,1,1598.50,1598.50,Tienda física,Nuevo León
2024-08-26,Mancuernas Ajustables 10kg,Deportes,1,999,999,Online,Chihuahua
2024-08-26,Juego de Mesa Familiar,Juguetes,2,427,854,Móvil App,Puebla
2024-08-26,Tablet Galaxy 10",Electrónica,1,5849,5849,Marketplace,Chihuahua
2024-08-27,Licuadora Turbo 1200W,Hogar,1,1698.50,1698.50,Marketplace,Jalisco
2024-08-28,Barra de Sonido 2.1,Electrónica,1,2974,2974,Online,CDMX
2024-08-28,Peluche Oso Gigante 1.5m,Juguetes,1,549,549,Marketplace,CDMX
2024-08-30,Aspiradora Robot Clean+,Hogar,1,5998.50,5998.50,Online,Nuevo León
2024-08-30,Set de Sábanas Queen 600h,Hogar,2,1199,2398,Marketplace,Jalisco
2024-08-30,Teclado Mecánico RGB,Electrónica,2,1598.50,3197,Online,Chihuahua
2024-08-30,Smartphone X5,Electrónica,3,8998.50,26995.50,Marketplace,Nuevo León
2024-08-30,Juego de Mesa Familiar,Juguetes,1,449,449,Online,Jalisco
2024-08-31,Tenis Runner Air,Moda,1,2198.50,2198.50,Tienda física,CDMX
2024-08-31,Laptop Pro 14,Electrónica,6,18998.50,113991,Marketplace,Chihuahua
2024-08-31,Lentes de Sol Retro,Moda,2,759,1518,Online,Nuevo León
2024-09-01,Dron Junior HD,Juguetes,3,1599,4797,Móvil App,Nuevo León
2024-09-01,Set Ciencia Experimentos,Juguetes,2,628.50,1257,Online,Jalisco
2024-09-03,Set de Sábanas Queen 600h,Hogar,2,1199,2398,Marketplace,Nuevo León
2024-09-03,Set de Sábanas Queen 600h,Hogar,2,1199,2398,Online,Chihuahua
2024-09-04,Purificador de Aire Mini,Hogar,2,2899,5798,Marketplace,Nuevo León
2024-09-04,Tenis Runner Air,Moda,1,2198.50,2198.50,Marketplace,CDMX
2024-09-04,Kit Bandas Elásticas,Deportes,5,299,1495,Tienda física,Yucatán
2024-09-04,Smart TV 55'',Electrónica,3,11499,34497,Marketplace,Yucatán
2024-09-05,Sudadera Hoodie Urban,Moda,1,854,854,Marketplace,Yucatán
2024-09-05,Casco Ciclismo Aero,Deportes,3,1298.50,3895.50,Online,CDMX
2024-09-05,Tablet Galaxy 10",Electrónica,2,5524,11048,Online,Chihuahua
2024-09-06,Cafetera Espresso Deluxe,Hogar,3,4599,13797,Online,Jalisco
2024-09-07,Licuadora Turbo 1200W,Hogar,2,1699,3398,Marketplace,Chihuahua
2024-09-07,Crema Hidratante Aloe,Belleza,1,389,389,Móvil App,Nuevo León
2024-09-07,Pantalón Chino Slim,Moda,3,949,2847,Móvil App,Jalisco
2024-09-07,Secadora Iónica 2200W,Belleza,1,1349,1349,Online,Nuevo León
2024-09-10,Consola Next X,Electrónica,5,11199,55995,Marketplace,Yucatán
2024-09-10,Banda de Correr Plegable,Deportes,2,11874,23748,Tienda física,Puebla
2024-09-11,Licuadora Turbo 1200W,Hogar,2,1699,3398,Marketplace,Puebla
2024-09-11,Barra de Sonido 2.1,Electrónica,1,2799,2799,Online,Yucatán
2024-09-12,Crema Hidratante Aloe,Belleza,2,389,778,Móvil App,Jalisco
2024-09-13,Bloques Creativos 500pz,Juguetes,2,898.50,1797,Online,Jalisco
2024-09-13,Bloques Creativos 500pz,Juguetes,1,898.50,898.50,Marketplace,Nuevo León
2024-09-13,Peluche Oso Gigante 1.5m,Juguetes,1,549,549,Móvil App,Chihuahua
2024-09-13,Cafetera Espresso Deluxe,Hogar,2,4599,9198,Online,CDMX
2024-09-14,Chamarra Denim Classic,Moda,1,1299,1299,Online,CDMX
2024-09-15,Tenis Runner Air,Moda,2,2199,4398,Tienda física,Jalisco
2024-09-15,Consola Next X,Electrónica,1,13999,13999,Online,CDMX
2024-09-15,Licuadora Turbo 1200W,Hogar,2,1699,3398,Online,Jalisco
2024-09-16,Cámara Action Go,Electrónica,6,7999,47994,Móvil App,Jalisco
2024-09-16,Barra de Sonido 2.1,Electrónica,1,3499,3499,Tienda física,Nuevo León
2024-09-16,Consola Next X,Electrónica,1,13999,13999,Marketplace,Puebla
2024-09-16,Teclado Mecánico RGB,Electrónica,1,1599,1599,Tienda física,Nuevo León
2024-09-17,Casco Ciclismo Aero,Deportes,2,1299,2598,Online,CDMX
2024-09-17,Set de Sábanas Queen 600h,Hogar,2,1199,2398,Online,Puebla
2024-09-18,Crema Hidratante Aloe,Belleza,3,389,1167,Tienda física,CDMX
2024-09-18,Teclado Mecánico RGB,Electrónica,1,1599,1599,Marketplace,CDMX
2024-09-18,Crema Hidratante Aloe,Belleza,1,389,389,Marketplace,CDMX
2024-09-19,Smart TV 55'',Electrónica,2,11498.50,22997,Tienda física,Jalisco
2024-09-19,Mancuernas Ajustables 10kg,Deportes,3,749,2247,Tienda física,Jalisco
2024-09-20,Auto RC Turbo Rally,Juguetes,3,779,2337,Marketplace,Chihuahua
2024-09-20,Cafetera Espresso Deluxe,Hogar,1,4599,4599,Online,Nuevo León
2024-09-20,Consola Next X,Electrónica,1,13999,13999,Tienda física,CDMX
2024-09-21,Kit Bandas Elásticas,Deportes,2,224,448,Tienda física,CDMX
2024-09-21,Mancuernas Ajustables 10kg,Deportes,1,949,949,Online,Yucatán
2024-09-21,Cámara Action Go,Electrónica,2,7999,15998,Online,Jalisco
2024-09-21,Consola Next X,Electrónica,1,13998.50,13998.50,Marketplace,Chihuahua
2024-09-22,Juego de Ollas Antiadherentes,Hogar,4,2039,8156,Marketplace,CDMX
2024-09-24,Chamarra Denim Classic,Moda,3,1299,3897,Tienda física,Nuevo León
2024-09-24,Bloques Creativos 500pz,Juguetes,1,899,899,Online,CDMX
2024-09-25,Cafetera Espresso Deluxe,Hogar,1,3449,3449,Online,Chihuahua
2024-09-25,Aspiradora Robot Clean+,Hogar,4,5999,23996,Marketplace,Chihuahua
2024-09-26,Aspiradora Robot Clean+,Hogar,1,5099,5099,Online,Chihuahua
2024-09-26,Lentes de Sol Retro,Moda,2,759,1518,Marketplace,Jalisco
2024-09-26,Tablet Galaxy 10",Electrónica,1,4874,4874,Móvil App,Jalisco
2024-09-26,Chamarra Denim Classic,Moda,1,1299,1299,Marketplace,CDMX
2024-09-27,Pantalón Chino Slim,Moda,2,949,1898,Móvil App,CDMX
2024-09-27,Bloques Creativos 500pz,Juguetes,2,899,1798,Tienda física,CDMX
2024-09-28,Lámpara LED Inteligente,Hogar,1,549,549,Online,CDMX
2024-09-28,Audífonos ANC Studio,Electrónica,1,2498.50,2498.50,Marketplace,Jalisco
2024-09-29,Bloques Creativos 500pz,Juguetes,1,898.50,898.50,Tienda física,Jalisco
2024-09-30,Chamarra Denim Classic,Moda,1,1104,1104,Online,CDMX
2024-10-01,Auto RC Turbo Rally,Juguetes,1,779,779,Online,CDMX
2024-10-01,Smart TV 55'',Electrónica,1,11499,11499,Tienda física,Nuevo León
2024-10-02,Smartphone X5,Electrónica,1,8998.50,8998.50,Online,Yucatán
2024-10-03,Balón Soccer Pro FIFA,Deportes,1,549,549,Tienda física,Jalisco
2024-10-03,Licuadora Turbo 1200W,Hogar,2,1698.50,3397,Móvil App,Yucatán
2024-10-03,Consola Next X,Electrónica,2,10499,20998,Online,Chihuahua
2024-10-04,Balón Soccer Pro FIFA,Deportes,3,549,1647,Online,Yucatán
2024-10-04,Mancuernas Ajustables 10kg,Deportes,5,849,4245,Marketplace,CDMX
2024-10-04,Auto RC Turbo Rally,Juguetes,3,584,1752,Marketplace,CDMX
2024-10-05,Peluche Oso Gigante 1.5m,Juguetes,1,548.50,548.50,Online,Jalisco
2024-10-05,Laptop Pro 14,Electrónica,2,18999,37998,Marketplace,Nuevo León
2024-10-07,Sudadera Hoodie Urban,Moda,1,898.50,898.50,Online,Yucatán
2024-10-08,Serum Vitamina C 30ml,Belleza,1,659,659,Online,Chihuahua
2024-10-09,Teclado Mecánico RGB,Electrónica,1,1599,1599,Móvil App,CDMX
2024-10-09,Smartphone X5,Electrónica,1,8999,8999,Marketplace,Nuevo León
2024-10-09,Lentes de Sol Retro,Moda,5,645,3225,Móvil App,Yucatán
2024-10-09,Auto RC Turbo Rally,Juguetes,1,779,779,Marketplace,Yucatán
2024-10-10,Smart TV 55'',Electrónica,1,11499,11499,Tienda física,CDMX
2024-10-10,Teclado Mecánico RGB,Electrónica,2,1598.50,3197,Tienda física,CDMX
2024-10-10,Licuadora Turbo 1200W,Hogar,1,1698.50,1698.50,Online,Yucatán
2024-10-11,Smartwatch Fit 3,Electrónica,2,2639,5278,Móvil App,Jalisco
2024-10-11,Barra de Sonido 2.1,Electrónica,1,3499,3499,Marketplace,Jalisco
2024-10-11,Purificador de Aire Mini,Hogar,1,2899,2899,Marketplace,Jalisco
2024-10-12,Smartwatch Fit 3,Electrónica,1,3299,3299,Marketplace,Chihuahua
2024-10-13,Vestido Floral Summer,Moda,1,1098.50,1098.50,Online,Chihuahua
2024-10-13,Secadora Iónica 2200W,Belleza,1,1499,1499,Marketplace,Puebla
2024-10-13,Cámara Action Go,Electrónica,3,7999,23997,Online,Yucatán
2024-10-14,Consola Next X,Electrónica,1,13999,13999,Online,Nuevo León
2024-10-14,Camiseta Basic Cotton,Moda,1,399,399,Online,Nuevo León
2024-10-15,Teclado Mecánico RGB,Electrónica,2,1279,2558,Marketplace,Nuevo León
2024-10-15,Yoga Mat Premium,Deportes,1,649,649,Online,Jalisco
2024-10-15,Camiseta Basic Cotton,Moda,1,299,299,Tienda física,Jalisco
2024-10-15,Set Ciencia Experimentos,Juguetes,2,628.50,1257,Online,Puebla
2024-10-15,Rizador de Pelas Digital,Belleza,2,719,1438,Tienda física,Yucatán
2024-10-16,Vestido Floral Summer,Moda,1,1099,1099,Marketplace,CDMX
2024-10-16,Peluche Oso Gigante 1.5m,Juguetes,2,548.50,1097,Tienda física,Jalisco
2024-10-16,Juego de Ollas Antiadherentes,Hogar,1,2399,2399,Online,Puebla
2024-10-16,Smart TV 55'',Electrónica,1,11499,11499,Online,Jalisco
2024-10-18,Juego de Ollas Antiadherentes,Hogar,2,2399,4798,Móvil App,Chihuahua
2024-10-19,Cafetera Espresso Deluxe,Hogar,1,4599,4599,Online,Yucatán
2024-10-19,Audífonos ANC Studio,Electrónica,3,2499,7497,Marketplace,Jalisco
2024-10-19,Teclado Mecánico RGB,Electrónica,1,1599,1599,Marketplace,CDMX
2024-10-19,Smartwatch Fit 3,Electrónica,1,2969,2969,Online,Nuevo León
2024-10-19,Peluche Oso Gigante 1.5m,Juguetes,2,548.50,1097,Online,CDMX
2024-10-20,Smart TV 55'',Electrónica,2,11499,22998,Tienda física,CDMX
2024-10-20,Bolso de Cuero Milano,Moda,1,1899,1899,Marketplace,CDMX
2024-10-20,Tablet Galaxy 10",Electrónica,3,6499,19497,Online,CDMX
2024-10-21,Set Ciencia Experimentos,Juguetes,3,598,1794,Tienda física,CDMX
2024-10-21,Kit Bandas Elásticas,Deportes,1,299,299,Marketplace,Yucatán
2024-10-21,Serum Vitamina C 30ml,Belleza,2,560,1120,Online,Nuevo León
2024-10-22,Peluche Oso Gigante 1.5m,Juguetes,4,549,2196,Móvil App,Jalisco
2024-10-22,Cafetera Espresso Deluxe,Hogar,1,4599,4599,Marketplace,CDMX
2024-10-23,Bloques Creativos 500pz,Juguetes,1,899,899,Móvil App,CDMX
2024-10-23,Purificador de Aire Mini,Hogar,2,2754,5508,Marketplace,Nuevo León
2024-10-24,Cámara Action Go,Electrónica,2,7199,14398,Móvil App,Chihuahua
2024-10-25,Tablet Galaxy 10",Electrónica,1,6499,6499,Tienda física,Chihuahua
2024-10-26,Laptop Pro 14,Electrónica,1,18999,18999,Tienda física,Yucatán
2024-10-26,Casco Ciclismo Aero,Deportes,3,1298.50,3895.50,Tienda física,CDMX
2024-10-26,Audífonos ANC Studio,Electrónica,1,2249,2249,Online,CDMX
2024-10-26,Auto RC Turbo Rally,Juguetes,2,778.50,1557,Tienda física,Jalisco
2024-10-27,Purificador de Aire Mini,Hogar,2,2899,5798,Online,CDMX
2024-10-27,Banda de Correr Plegable,Deportes,2,12499,24998,Online,CDMX
2024-10-28,Rizador de Pelas Digital,Belleza,1,899,899,Marketplace,CDMX
2024-10-28,Aspiradora Robot Clean+,Hogar,3,5999,17997,Online,Nuevo León
2024-10-29,Chamarra Denim Classic,Moda,2,1299,2598,Online,CDMX
2024-10-30,Dron Junior HD,Juguetes,3,1599,4797,Tienda física,Jalisco
2024-10-30,Aspiradora Robot Clean+,Hogar,1,4499,4499,Online,CDMX
2024-10-30,Peluche Oso Gigante 1.5m,Juguetes,2,549,1098,Marketplace,Jalisco
2024-10-30,Banda de Correr Plegable,Deportes,3,12499,37497,Tienda física,Yucatán
2024-10-31,Smartphone X5,Electrónica,2,8998.50,17997,Móvil App,Yucatán
2024-10-31,Crema Hidratante Aloe,Belleza,2,389,778,Tienda física,Jalisco
2024-11-01,Vestido Floral Summer,Moda,2,1044,2088,Tienda física,CDMX
2024-11-02,Crema Hidratante Aloe,Belleza,1,370,370,Móvil App,Jalisco
2024-11-02,Teclado Mecánico RGB,Electrónica,2,1199,2398,Marketplace,CDMX
2024-11-02,Serum Vitamina C 30ml,Belleza,2,659,1318,Online,Jalisco
2024-11-03,Mancuernas Ajustables 10kg,Deportes,3,999,2997,Móvil App,CDMX
2024-11-03,Consola Next X,Electrónica,2,13999,27998,Marketplace,CDMX
2024-11-03,Smartphone X5,Electrónica,2,8999,17998,Online,Nuevo León
2024-11-04,Crema Hidratante Aloe,Belleza,2,350,700,Marketplace,Chihuahua
2024-11-04,Barra de Sonido 2.1,Electrónica,1,3499,3499,Tienda física,Puebla
2024-11-04,Banda de Correr Plegable,Deportes,2,12498.50,24997,Tienda física,CDMX
2024-11-04,Barra de Sonido 2.1,Electrónica,1,2799,2799,Móvil App,Puebla
2024-11-04,Balón Soccer Pro FIFA,Deportes,1,439,439,Online,CDMX
2024-11-04,Tablet Galaxy 10",Electrónica,1,4874,4874,Online,Chihuahua
2024-11-04,Smart TV 55'',Electrónica,1,11498.50,11498.50,Tienda física,Yucatán
2024-11-04,Smartwatch Fit 3,Electrónica,4,3298.50,13194,Tienda física,Chihuahua
2024-11-04,Balón Soccer Pro FIFA,Deportes,1,549,549,Online,CDMX
2024-11-04,Perfume Noir Intense 100ml,Belleza,1,1899,1899,Online,CDMX
2024-11-05,Perfume Noir Intense 100ml,Belleza,2,1899,3798,Móvil App,Puebla
2024-11-06,Smart TV 55'',Electrónica,2,11499,22998,Tienda física,Jalisco
2024-11-06,Cafetera Espresso Deluxe,Hogar,1,4599,4599,Online,Jalisco
2024-11-07,Banda de Correr Plegable,Deportes,1,12499,12499,Móvil App,Nuevo León
2024-11-08,Set de Sábanas Queen 600h,Hogar,1,1199,1199,Online,Yucatán
2024-11-09,Perfume Noir Intense 100ml,Belleza,1,1899,1899,Online,Nuevo León
2024-11-09,Sudadera Hoodie Urban,Moda,1,898.50,898.50,Online,CDMX
2024-11-09,Bolso de Cuero Milano,Moda,2,1899,3798,Marketplace,CDMX
2024-11-10,Paleta de Sombras Nude,Belleza,3,499,1497,Marketplace,Jalisco
2024-11-10,Banda de Correr Plegable,Deportes,2,12499,24998,Marketplace,Yucatán
2024-11-10,Vestido Floral Summer,Moda,2,1099,2198,Online,Nuevo León
2024-11-11,Camiseta Basic Cotton,Moda,1,399,399,Tienda física,CDMX
2024-11-12,Laptop Pro 14,Electrónica,1,18999,18999,Tienda física,Nuevo León
2024-11-12,Audífonos ANC Studio,Electrónica,1,2499,2499,Marketplace,Puebla
2024-11-13,Mancuernas Ajustables 10kg,Deportes,1,999,999,Tienda física,Chihuahua
2024-11-13,Teclado Mecánico RGB,Electrónica,1,1598.50,1598.50,Online,Yucatán
2024-11-13,Smartwatch Fit 3,Electrónica,1,3299,3299,Tienda física,Yucatán
2024-11-13,Cámara Action Go,Electrónica,2,7999,15998,Marketplace,Nuevo León
2024-11-15,Peluche Oso Gigante 1.5m,Juguetes,2,412,824,Tienda física,CDMX
2024-11-15,Juego de Mesa Familiar,Juguetes,4,449,1796,Online,Nuevo León
2024-11-15,Rizador de Pelas Digital,Belleza,1,899,899,Marketplace,Chihuahua
2024-11-16,Smartphone X5,Electrónica,1,7649,7649,Marketplace,Nuevo León
2024-11-16,Laptop Pro 14,Electrónica,1,18999,18999,Móvil App,CDMX
2024-11-16,Smartwatch Fit 3,Electrónica,2,2969,5938,Marketplace,Puebla
2024-11-17,Smartwatch Fit 3,Electrónica,1,3298.50,3298.50,Online,Yucatán
2024-11-18,Sudadera Hoodie Urban,Moda,1,898.50,898.50,Online,CDMX
2024-11-19,Auto RC Turbo Rally,Juguetes,2,701,1402,Marketplace,Puebla
2024-11-19,Consola Next X,Electrónica,2,12599,25198,Online,Chihuahua
2024-11-19,Audífonos ANC Studio,Electrónica,1,2249,2249,Tienda física,Nuevo León
2024-11-19,Perfume Noir Intense 100ml,Belleza,2,1899,3798,Online,Puebla
2024-11-19,Bicicleta Urbana R26,Deportes,1,7999,7999,Móvil App,CDMX
2024-11-20,Rizador de Pelas Digital,Belleza,3,899,2697,Marketplace,Yucatán
2024-11-20,Purificador de Aire Mini,Hogar,1,2898.50,2898.50,Marketplace,CDMX
2024-11-20,Audífonos ANC Studio,Electrónica,1,2498.50,2498.50,Marketplace,CDMX
2024-11-21,Yoga Mat Premium,Deportes,6,648.50,3891,Tienda física,CDMX
2024-11-21,Auto RC Turbo Rally,Juguetes,1,779,779,Marketplace,Jalisco
2024-11-21,Barra de Sonido 2.1,Electrónica,1,3498.50,3498.50,Online,CDMX
2024-11-21,Tenis Runner Air,Moda,2,2198.50,4397,Online,Nuevo León
2024-11-22,Set Ciencia Experimentos,Juguetes,2,628.50,1257,Online,Puebla
2024-11-22,Bolso de Cuero Milano,Moda,2,1899,3798,Marketplace,Nuevo León
2024-11-22,Kit Bandas Elásticas,Deportes,2,299,598,Online,CDMX
2024-11-23,Bicicleta Urbana R26,Deportes,1,7998.50,7998.50,Móvil App,Yucatán
2024-11-23,Balón Soccer Pro FIFA,Deportes,3,549,1647,Online,Puebla
2024-11-23,Laptop Pro 14,Electrónica,1,17099,17099,Móvil App,Jalisco
2024-11-24,Yoga Mat Premium,Deportes,1,649,649,Online,Jalisco
2024-11-24,Consola Next X,Electrónica,2,11899,23798,Móvil App,CDMX
2024-11-25,Aspiradora Robot Clean+,Hogar,1,5998.50,5998.50,Móvil App,Chihuahua
2024-11-25,Consola Next X,Electrónica,2,13999,27998,Móvil App,Jalisco
2024-11-26,Bolso de Cuero Milano,Moda,2,1899,3798,Móvil App,Jalisco
2024-11-28,Rizador de Pelas Digital,Belleza,1,899,899,Online,CDMX
2024-11-28,Bolso de Cuero Milano,Moda,2,1899,3798,Online,Jalisco
2024-11-29,Audífonos ANC Studio,Electrónica,1,2498.50,2498.50,Tienda física,CDMX
2024-11-30,Smart TV 55'',Electrónica,3,11499,34497,Marketplace,CDMX
2024-11-30,Smartwatch Fit 3,Electrónica,2,3299,6598,Marketplace,Puebla
2024-11-30,Consola Next X,Electrónica,1,10499,10499,Marketplace,Jalisco
2024-11-30,Laptop Pro 14,Electrónica,4,18998.50,75994,Móvil App,CDMX
2024-11-30,Smartphone X5,Electrónica,2,8998.50,17997,Online,Nuevo León
2024-11-30,Teclado Mecánico RGB,Electrónica,1,1599,1599,Online,Puebla
2024-12-02,Casco Ciclismo Aero,Deportes,1,1298.50,1298.50,Tienda física,Nuevo León
2024-12-02,Banda de Correr Plegable,Deportes,2,12499,24998,Marketplace,CDMX
2024-12-02,Set Ciencia Experimentos,Juguetes,1,629,629,Marketplace,CDMX
2024-12-04,Secadora Iónica 2200W,Belleza,4,1498.50,5994,Tienda física,CDMX
2024-12-04,Paleta de Sombras Nude,Belleza,2,499,998,Online,Chihuahua
2024-12-04,Balón Soccer Pro FIFA,Deportes,1,549,549,Móvil App,CDMX
2024-12-05,Cámara Action Go,Electrónica,1,5999,5999,Tienda física,Chihuahua
2024-12-06,Set de Sábanas Queen 600h,Hogar,2,1139,2278,Marketplace,Jalisco
2024-12-06,Balón Soccer Pro FIFA,Deportes,1,412,412,Online,Jalisco
2024-12-07,Casco Ciclismo Aero,Deportes,1,1298.50,1298.50,Marketplace,Nuevo León
2024-12-08,Cafetera Espresso Deluxe,Hogar,2,3909,7818,Marketplace,Chihuahua
2024-12-09,Audífonos ANC Studio,Electrónica,2,2499,4998,Tienda física,Nuevo León
2024-12-09,Smartwatch Fit 3,Electrónica,3,3299,9897,Marketplace,CDMX
2024-12-09,Tablet Galaxy 10",Electrónica,1,6499,6499,Marketplace,Jalisco
2024-12-10,Set Ciencia Experimentos,Juguetes,2,629,1258,Móvil App,Nuevo León
2024-12-10,Perfume Noir Intense 100ml,Belleza,1,1898.50,1898.50,Online,CDMX
2024-12-10,Smartwatch Fit 3,Electrónica,1,3299,3299,Online,CDMX
2024-12-10,Sudadera Hoodie Urban,Moda,2,898.50,1797,Marketplace,Yucatán
2024-12-10,Set Ciencia Experimentos,Juguetes,1,628.50,628.50,Online,Jalisco
2024-12-11,Teclado Mecánico RGB,Electrónica,1,1599,1599,Online,Nuevo León
2024-12-11,Auto RC Turbo Rally,Juguetes,2,779,1558,Online,CDMX
2024-12-11,Consola Next X,Electrónica,1,13999,13999,Online,CDMX
2024-12-12,Tablet Galaxy 10",Electrónica,1,6499,6499,Móvil App,Nuevo León
2024-12-12,Secadora Iónica 2200W,Belleza,3,1499,4497,Tienda física,Yucatán
2024-12-13,Yoga Mat Premium,Deportes,1,649,649,Online,Chihuahua
2024-12-13,Serum Vitamina C 30ml,Belleza,4,659,2636,Online,CDMX
2024-12-14,Juego de Ollas Antiadherentes,Hogar,2,2399,4798,Online,Nuevo León
2024-12-14,Cafetera Espresso Deluxe,Hogar,3,4369,13107,Móvil App,CDMX
2024-12-14,Bicicleta Urbana R26,Deportes,3,7998.50,23995.50,Marketplace,Nuevo León
2024-12-15,Cámara Action Go,Electrónica,1,7999,7999,Marketplace,Nuevo León
2024-12-16,Camiseta Basic Cotton,Moda,3,399,1197,Online,Jalisco
2024-12-16,Laptop Pro 14,Electrónica,2,18999,37998,Marketplace,Puebla
2024-12-16,Juego de Ollas Antiadherentes,Hogar,1,2398.50,2398.50,Online,CDMX
2024-12-17,Tablet Galaxy 10",Electrónica,2,6499,12998,Móvil App,Chihuahua
2024-12-17,Set Ciencia Experimentos,Juguetes,5,629,3145,Móvil App,Jalisco
2024-12-17,Dron Junior HD,Juguetes,3,1599,4797,Online,Jalisco
2024-12-18,Perfume Noir Intense 100ml,Belleza,1,1899,1899,Tienda física,Yucatán
2024-12-18,Balón Soccer Pro FIFA,Deportes,1,467,467,Online,Jalisco
2024-12-18,Tablet Galaxy 10",Electrónica,1,4874,4874,Marketplace,Nuevo León
2024-12-19,Teclado Mecánico RGB,Electrónica,2,1199,2398,Online,CDMX
2024-12-19,Casco Ciclismo Aero,Deportes,1,1299,1299,Online,CDMX
2024-12-19,Cámara Action Go,Electrónica,1,6799,6799,Marketplace,CDMX
2024-12-20,Smart TV 55'',Electrónica,1,11498.50,11498.50,Online,Puebla
2024-12-20,Camiseta Basic Cotton,Moda,1,399,399,Tienda física,Puebla
2024-12-20,Cámara Action Go,Electrónica,3,7999,23997,Móvil App,Jalisco
2024-12-21,Auto RC Turbo Rally,Juguetes,5,779,3895,Tienda física,Jalisco
2024-12-21,Sudadera Hoodie Urban,Moda,1,719,719,Tienda física,Nuevo León
2024-12-22,Laptop Pro 14,Electrónica,2,18998.50,37997,Tienda física,Jalisco
2024-12-22,Tablet Galaxy 10",Electrónica,1,6498.50,6498.50,Tienda física,Nuevo León
2024-12-24,Juego de Mesa Familiar,Juguetes,1,449,449,Marketplace,Jalisco
2024-12-24,Bolso de Cuero Milano,Moda,1,1709,1709,Online,Chihuahua
2024-12-24,Consola Next X,Electrónica,4,13998.50,55994,Tienda física,Puebla
2024-12-25,Teclado Mecánico RGB,Electrónica,2,1199,2398,Tienda física,CDMX
2024-12-25,Barra de Sonido 2.1,Electrónica,1,3499,3499,Online,Nuevo León
2024-12-25,Pantalón Chino Slim,Moda,3,948.50,2845.50,Móvil App,CDMX
2024-12-26,Audífonos ANC Studio,Electrónica,2,1999,3998,Tienda física,Puebla
2024-12-27,Casco Ciclismo Aero,Deportes,2,1299,2598,Online,CDMX
2024-12-27,Audífonos ANC Studio,Electrónica,3,2499,7497,Tienda física,CDMX
2024-12-27,Set Ciencia Experimentos,Juguetes,1,629,629,Tienda física,Yucatán
2024-12-27,Juego de Ollas Antiadherentes,Hogar,6,2398.50,14391,Online,Jalisco
2024-12-28,Lámpara LED Inteligente,Hogar,1,549,549,Tienda física,CDMX
2024-12-29,Camiseta Basic Cotton,Moda,4,399,1596,Tienda física,CDMX
2024-12-29,Juego de Ollas Antiadherentes,Hogar,6,1919,11514,Online,CDMX
2024-12-29,Laptop Pro 14,Electrónica,2,18999,37998,Online,Yucatán
2024-12-29,Serum Vitamina C 30ml,Belleza,2,626,1252,Online,Chihuahua
2024-12-30,Audífonos ANC Studio,Electrónica,1,1999,1999,Marketplace,Yucatán
2024-12-30,Teclado Mecánico RGB,Electrónica,1,1599,1599,Tienda física,Chihuahua
2024-12-31,Smart TV 55'',Electrónica,2,11498.50,22997,Online,CDMX
2024-12-31,Smartwatch Fit 3,Electrónica,1,3299,3299,Online,Nuevo León
2024-12-31,Chamarra Denim Classic,Moda,1,1299,1299,Tienda física,Jalisco
2025-01-01,Smart TV 55'',Electrónica,5,11499,57495,Online,Chihuahua
2025-01-01,Serum Vitamina C 30ml,Belleza,1,659,659,Tienda física,CDMX
2025-01-01,Yoga Mat Premium,Deportes,2,649,1298,Online,CDMX
2025-01-01,Casco Ciclismo Aero,Deportes,1,1299,1299,Online,Puebla
2025-01-02,Perfume Noir Intense 100ml,Belleza,3,1899,5697,Online,CDMX
2025-01-02,Bloques Creativos 500pz,Juguetes,1,898.50,898.50,Tienda física,Chihuahua
2025-01-03,Bolso de Cuero Milano,Moda,1,1899,1899,Online,Jalisco
2025-01-03,Yoga Mat Premium,Deportes,1,519,519,Online,CDMX
2025-01-03,Chamarra Denim Classic,Moda,3,1299,3897,Online,Jalisco
2025-01-04,Camiseta Basic Cotton,Moda,2,399,798,Online,CDMX
2025-01-04,Laptop Pro 14,Electrónica,3,16149,48447,Marketplace,CDMX
2025-01-05,Barra de Sonido 2.1,Electrónica,1,3499,3499,Tienda física,CDMX
2025-01-06,Auto RC Turbo Rally,Juguetes,3,778.50,2335.50,Online,Nuevo León
2025-01-06,Bloques Creativos 500pz,Juguetes,2,898.50,1797,Online,Yucatán
2025-01-07,Paleta de Sombras Nude,Belleza,3,499,1497,Marketplace,Puebla
2025-01-07,Aspiradora Robot Clean+,Hogar,1,5998.50,5998.50,Online,CDMX
2025-01-07,Smart TV 55'',Electrónica,1,11499,11499,Online,CDMX
2025-01-07,Bloques Creativos 500pz,Juguetes,3,899,2697,Marketplace,Yucatán
2025-01-08,Cámara Action Go,Electrónica,1,7999,7999,Online,Yucatán
2025-01-09,Smart TV 55'',Electrónica,1,10924,10924,Online,CDMX
2025-01-09,Smartwatch Fit 3,Electrónica,1,2969,2969,Online,Yucatán
2025-01-10,Bolso de Cuero Milano,Moda,1,1899,1899,Móvil App,Nuevo León
2025-01-10,Juego de Ollas Antiadherentes,Hogar,2,2159,4318,Online,Yucatán
2025-01-10,Aspiradora Robot Clean+,Hogar,1,5999,5999,Móvil App,Chihuahua
2025-01-12,Bloques Creativos 500pz,Juguetes,1,898.50,898.50,Online,Nuevo León
2025-01-13,Bloques Creativos 500pz,Juguetes,1,809,809,Online,CDMX
2025-01-14,Vestido Floral Summer,Moda,1,1099,1099,Tienda física,Nuevo León
2025-01-15,Bloques Creativos 500pz,Juguetes,2,899,1798,Tienda física,Nuevo León
2025-01-17,Dron Junior HD,Juguetes,3,1598.50,4795.50,Tienda física,Chihuahua
2025-01-17,Smart TV 55'',Electrónica,1,11499,11499,Móvil App,Chihuahua
2025-01-17,Teclado Mecánico RGB,Electrónica,3,1359,4077,Marketplace,CDMX
2025-01-17,Dron Junior HD,Juguetes,1,1599,1599,Marketplace,Chihuahua
2025-01-17,Bloques Creativos 500pz,Juguetes,5,899,4495,Online,CDMX
2025-01-17,Secadora Iónica 2200W,Belleza,2,1499,2998,Online,Puebla
2025-01-18,Consola Next X,Electrónica,1,13999,13999,Tienda física,CDMX
2025-01-18,Balón Soccer Pro FIFA,Deportes,2,467,934,Marketplace,CDMX
2025-01-19,Consola Next X,Electrónica,3,12599,37797,Online,CDMX
2025-01-19,Cafetera Espresso Deluxe,Hogar,1,3449,3449,Móvil App,Jalisco
2025-01-19,Smart TV 55'',Electrónica,1,11499,11499,Móvil App,Nuevo León
2025-01-19,Auto RC Turbo Rally,Juguetes,1,740,740,Online,Nuevo León
2025-01-20,Laptop Pro 14,Electrónica,4,14249,56996,Online,Jalisco
2025-01-20,Camiseta Basic Cotton,Moda,3,399,1197,Marketplace,Puebla
2025-01-20,Camiseta Basic Cotton,Moda,1,399,399,Online,Yucatán
2025-01-20,Juego de Ollas Antiadherentes,Hogar,5,1919,9595,Online,Puebla
2025-01-21,Set Ciencia Experimentos,Juguetes,1,628.50,628.50,Online,Nuevo León
2025-01-21,Audífonos ANC Studio,Electrónica,1,2498.50,2498.50,Marketplace,Puebla
2025-01-22,Barra de Sonido 2.1,Electrónica,1,2974,2974,Online,Chihuahua
2025-01-24,Secadora Iónica 2200W,Belleza,2,1498.50,2997,Online,Puebla
2025-01-25,Bolso de Cuero Milano,Moda,2,1614,3228,Online,CDMX
2025-01-26,Bicicleta Urbana R26,Deportes,2,7999,15998,Online,CDMX
2025-01-26,Kit Bandas Elásticas,Deportes,1,299,299,Online,Yucatán
2025-01-27,Tenis Runner Air,Moda,2,2198.50,4397,Tienda física,Yucatán
2025-01-27,Set Ciencia Experimentos,Juguetes,2,628.50,1257,Online,Chihuahua
2025-01-27,Secadora Iónica 2200W,Belleza,1,1499,1499,Online,Nuevo León
2025-01-27,Set de Sábanas Queen 600h,Hogar,2,1199,2398,Marketplace,CDMX
2025-01-29,Banda de Correr Plegable,Deportes,1,12499,12499,Online,Nuevo León
2025-01-29,Set Ciencia Experimentos,Juguetes,2,628.50,1257,Marketplace,CDMX
2025-01-30,Serum Vitamina C 30ml,Belleza,1,658.50,658.50,Tienda física,CDMX
2025-01-31,Bicicleta Urbana R26,Deportes,1,7998.50,7998.50,Online,Puebla
2025-01-31,Smartwatch Fit 3,Electrónica,2,3298.50,6597,Tienda física,Yucatán
2025-02-01,Audífonos ANC Studio,Electrónica,1,2499,2499,Online,CDMX
2025-02-02,Vestido Floral Summer,Moda,2,1099,2198,Marketplace,CDMX
2025-02-02,Peluche Oso Gigante 1.5m,Juguetes,1,522,522,Online,Puebla
2025-02-02,Serum Vitamina C 30ml,Belleza,5,659,3295,Móvil App,Jalisco
2025-02-03,Barra de Sonido 2.1,Electrónica,1,3499,3499,Marketplace,Puebla
2025-02-03,Dron Junior HD,Juguetes,3,1599,4797,Online,Nuevo León
2025-02-05,Set de Sábanas Queen 600h,Hogar,1,1199,1199,Marketplace,Jalisco
2025-02-05,Chamarra Denim Classic,Moda,1,1039,1039,Online,Puebla
2025-02-05,Cafetera Espresso Deluxe,Hogar,1,3679,3679,Móvil App,Puebla
2025-02-06,Juego de Mesa Familiar,Juguetes,1,449,449,Online,Yucatán
2025-02-06,Laptop Pro 14,Electrónica,2,18998.50,37997,Marketplace,Jalisco
2025-02-07,Camiseta Basic Cotton,Moda,1,399,399,Marketplace,CDMX
2025-02-07,Perfume Noir Intense 100ml,Belleza,2,1899,3798,Online,Nuevo León
2025-02-07,Balón Soccer Pro FIFA,Deportes,1,549,549,Online,Puebla
2025-02-08,Smartphone X5,Electrónica,2,8999,17998,Tienda física,CDMX
2025-02-08,Bicicleta Urbana R26,Deportes,3,7999,23997,Tienda física,Chihuahua
2025-02-09,Dron Junior HD,Juguetes,3,1599,4797,Tienda física,CDMX
2025-02-09,Teclado Mecánico RGB,Electrónica,2,1599,3198,Móvil App,Nuevo León
2025-02-09,Barra de Sonido 2.1,Electrónica,1,3499,3499,Online,CDMX
2025-02-09,Teclado Mecánico RGB,Electrónica,3,1599,4797,Online,CDMX
2025-02-10,Balón Soccer Pro FIFA,Deportes,2,549,1098,Online,Puebla
2025-02-10,Smartphone X5,Electrónica,1,8999,8999,Tienda física,Nuevo León
2025-02-10,Set Ciencia Experimentos,Juguetes,4,629,2516,Marketplace,CDMX
2025-02-11,Casco Ciclismo Aero,Deportes,1,1299,1299,Tienda física,Jalisco
2025-02-11,Lámpara LED Inteligente,Hogar,2,549,1098,Marketplace,Nuevo León
2025-02-12,Crema Hidratante Aloe,Belleza,1,331,331,Tienda física,CDMX
2025-02-12,Cafetera Espresso Deluxe,Hogar,1,4598.50,4598.50,Online,CDMX
2025-02-12,Paleta de Sombras Nude,Belleza,2,499,998,Marketplace,CDMX
2025-02-12,Crema Hidratante Aloe,Belleza,3,389,1167,Marketplace,Yucatán
2025-02-13,Lentes de Sol Retro,Moda,1,759,759,Móvil App,CDMX
2025-02-13,Set de Sábanas Queen 600h,Hogar,1,959,959,Online,Chihuahua
2025-02-14,Bolso de Cuero Milano,Moda,2,1614,3228,Tienda física,Puebla
2025-02-14,Teclado Mecánico RGB,Electrónica,1,1598.50,1598.50,Tienda física,Nuevo León
2025-02-14,Lentes de Sol Retro,Moda,2,759,1518,Móvil App,CDMX
2025-02-14,Rizador de Pelas Digital,Belleza,1,899,899,Online,CDMX
2025-02-15,Purificador de Aire Mini,Hogar,3,2899,8697,Online,CDMX
2025-02-15,Chamarra Denim Classic,Moda,6,1298.50,7791,Online,Puebla
2025-02-16,Juego de Mesa Familiar,Juguetes,1,449,449,Tienda física,Nuevo León
2025-02-16,Tablet Galaxy 10",Electrónica,2,6499,12998,Online,CDMX
2025-02-18,Teclado Mecánico RGB,Electrónica,2,1599,3198,Tienda física,CDMX
2025-02-18,Bloques Creativos 500pz,Juguetes,1,898.50,898.50,Móvil App,CDMX
2025-02-18,Crema Hidratante Aloe,Belleza,1,389,389,Tienda física,Jalisco
2025-02-18,Set de Sábanas Queen 600h,Hogar,2,1199,2398,Online,Chihuahua
2025-02-18,Aspiradora Robot Clean+,Hogar,1,5099,5099,Marketplace,Chihuahua
2025-02-19,Lámpara LED Inteligente,Hogar,1,549,549,Tienda física,Puebla
2025-02-20,Serum Vitamina C 30ml,Belleza,1,527,527,Marketplace,CDMX
2025-02-20,Smart TV 55'',Electrónica,1,10349,10349,Online,CDMX
2025-02-20,Mancuernas Ajustables 10kg,Deportes,1,999,999,Tienda física,CDMX
2025-02-20,Lámpara LED Inteligente,Hogar,2,549,1098,Tienda física,Chihuahua
2025-02-20,Barra de Sonido 2.1,Electrónica,3,3499,10497,Marketplace,Nuevo León
2025-02-21,Teclado Mecánico RGB,Electrónica,1,1599,1599,Móvil App,CDMX
2025-02-21,Smart TV 55'',Electrónica,2,11499,22998,Marketplace,Puebla
2025-02-22,Serum Vitamina C 30ml,Belleza,3,659,1977,Marketplace,Chihuahua
2025-02-22,Set Ciencia Experimentos,Juguetes,2,598,1196,Marketplace,CDMX
2025-02-23,Smartphone X5,Electrónica,2,7649,15298,Marketplace,Yucatán
2025-02-23,Barra de Sonido 2.1,Electrónica,1,2974,2974,Marketplace,Yucatán
2025-02-23,Consola Next X,Electrónica,1,13999,13999,Online,CDMX
2025-02-23,Rizador de Pelas Digital,Belleza,1,898.50,898.50,Móvil App,Nuevo León
2025-02-23,Mancuernas Ajustables 10kg,Deportes,2,749,1498,Marketplace,Jalisco
2025-02-24,Consola Next X,Electrónica,2,13299,26598,Móvil App,Puebla
2025-02-26,Balón Soccer Pro FIFA,Deportes,1,549,549,Online,CDMX
2025-02-26,Smartphone X5,Electrónica,1,6749,6749,Tienda física,Chihuahua
2025-02-27,Banda de Correr Plegable,Deportes,1,12499,12499,Online,Jalisco
2025-02-28,Smartwatch Fit 3,Electrónica,4,3299,13196,Móvil App,Yucatán
2025-03-01,Perfume Noir Intense 100ml,Belleza,1,1804,1804,Marketplace,Nuevo León
2025-03-01,Perfume Noir Intense 100ml,Belleza,2,1898.50,3797,Marketplace,Puebla
2025-03-01,Chamarra Denim Classic,Moda,1,1299,1299,Online,Puebla
2025-03-02,Balón Soccer Pro FIFA,Deportes,1,549,549,Marketplace,Jalisco
2025-03-02,Auto RC Turbo Rally,Juguetes,3,778.50,2335.50,Móvil App,Jalisco
2025-03-03,Lentes de Sol Retro,Moda,1,758.50,758.50,Móvil App,Chihuahua
2025-03-03,Bicicleta Urbana R26,Deportes,6,7998.50,47991,Online,Jalisco
2025-03-04,Rizador de Pelas Digital,Belleza,1,898.50,898.50,Móvil App,CDMX
2025-03-04,Perfume Noir Intense 100ml,Belleza,2,1614,3228,Online,Nuevo León
2025-03-05,Set Ciencia Experimentos,Juguetes,2,629,1258,Online,Nuevo León
2025-03-05,Auto RC Turbo Rally,Juguetes,1,779,779,Online,Jalisco
2025-03-05,Banda de Correr Plegable,Deportes,2,12498.50,24997,Móvil App,CDMX
2025-03-05,Smartphone X5,Electrónica,1,8998.50,8998.50,Tienda física,CDMX
2025-03-06,Teclado Mecánico RGB,Electrónica,1,1599,1599,Online,CDMX
2025-03-06,Smart TV 55'',Electrónica,1,11498.50,11498.50,Marketplace,Jalisco
2025-03-06,Casco Ciclismo Aero,Deportes,2,1039,2078,Marketplace,CDMX
2025-03-07,Juego de Mesa Familiar,Juguetes,1,449,449,Online,Nuevo León
2025-03-07,Audífonos ANC Studio,Electrónica,1,1999,1999,Marketplace,CDMX
2025-03-08,Dron Junior HD,Juguetes,1,1598.50,1598.50,Online,CDMX
2025-03-08,Bloques Creativos 500pz,Juguetes,2,898.50,1797,Online,Chihuahua
2025-03-10,Kit Bandas Elásticas,Deportes,1,299,299,Online,CDMX
2025-03-11,Smartwatch Fit 3,Electrónica,1,3299,3299,Online,Chihuahua
2025-03-12,Juego de Mesa Familiar,Juguetes,1,427,427,Marketplace,CDMX
2025-03-13,Smartwatch Fit 3,Electrónica,1,3298.50,3298.50,Móvil App,Jalisco
2025-03-13,Paleta de Sombras Nude,Belleza,2,499,998,Online,Jalisco
2025-03-14,Auto RC Turbo Rally,Juguetes,1,584,584,Online,Puebla
2025-03-14,Balón Soccer Pro FIFA,Deportes,1,549,549,Tienda física,Nuevo León
2025-03-14,Audífonos ANC Studio,Electrónica,2,2499,4998,Tienda física,CDMX
2025-03-14,Balón Soccer Pro FIFA,Deportes,1,439,439,Tienda física,CDMX
2025-03-15,Cafetera Espresso Deluxe,Hogar,1,4599,4599,Online,CDMX
2025-03-16,Bicicleta Urbana R26,Deportes,1,7998.50,7998.50,Marketplace,Jalisco
2025-03-16,Smartphone X5,Electrónica,1,8549,8549,Móvil App,CDMX
2025-03-17,Set Ciencia Experimentos,Juguetes,1,598,598,Tienda física,Jalisco
2025-03-17,Kit Bandas Elásticas,Deportes,1,284,284,Marketplace,Jalisco
2025-03-18,Tablet Galaxy 10",Electrónica,1,6499,6499,Online,Nuevo León
2025-03-18,Chamarra Denim Classic,Moda,1,1299,1299,Tienda física,Puebla
2025-03-18,Perfume Noir Intense 100ml,Belleza,2,1899,3798,Online,Nuevo León
2025-03-18,Vestido Floral Summer,Moda,3,1099,3297,Móvil App,CDMX
2025-03-19,Barra de Sonido 2.1,Electrónica,1,3499,3499,Tienda física,Puebla
2025-03-20,Juego de Ollas Antiadherentes,Hogar,3,2399,7197,Móvil App,Yucatán
2025-03-21,Balón Soccer Pro FIFA,Deportes,2,439,878,Tienda física,Jalisco
2025-03-21,Rizador de Pelas Digital,Belleza,3,899,2697,Marketplace,Yucatán
2025-03-21,Audífonos ANC Studio,Electrónica,2,2499,4998,Móvil App,Yucatán
2025-03-21,Laptop Pro 14,Electrónica,2,18998.50,37997,Online,Yucatán
2025-03-21,Juego de Ollas Antiadherentes,Hogar,2,2398.50,4797,Online,Nuevo León
2025-03-21,Bolso de Cuero Milano,Moda,2,1899,3798,Móvil App,Jalisco
2025-03-23,Mancuernas Ajustables 10kg,Deportes,2,999,1998,Online,CDMX
2025-03-24,Rizador de Pelas Digital,Belleza,2,899,1798,Móvil App,Nuevo León
2025-03-25,Cámara Action Go,Electrónica,1,7999,7999,Móvil App,CDMX
2025-03-25,Teclado Mecánico RGB,Electrónica,1,1599,1599,Online,Nuevo León
2025-03-25,Tablet Galaxy 10",Electrónica,3,6499,19497,Marketplace,CDMX
2025-03-25,Juego de Mesa Familiar,Juguetes,1,337,337,Tienda física,CDMX
2025-03-26,Teclado Mecánico RGB,Electrónica,4,1598.50,6394,Tienda física,Chihuahua
2025-03-26,Bloques Creativos 500pz,Juguetes,1,899,899,Móvil App,Puebla
2025-03-26,Set Ciencia Experimentos,Juguetes,1,629,629,Marketplace,Nuevo León
2025-03-27,Cámara Action Go,Electrónica,3,7998.50,23995.50,Tienda física,Jalisco
2025-03-27,Cafetera Espresso Deluxe,Hogar,3,4599,13797,Tienda física,CDMX
2025-03-27,Serum Vitamina C 30ml,Belleza,1,593,593,Online,Yucatán
2025-03-27,Peluche Oso Gigante 1.5m,Juguetes,2,439,878,Marketplace,CDMX
2025-03-28,Chamarra Denim Classic,Moda,6,1298.50,7791,Online,CDMX
2025-03-28,Bicicleta Urbana R26,Deportes,6,5999,35994,Online,Nuevo León
2025-03-28,Laptop Pro 14,Electrónica,1,18998.50,18998.50,Móvil App,Jalisco
2025-03-28,Purificador de Aire Mini,Hogar,2,2464,4928,Online,CDMX
2025-03-29,Bicicleta Urbana R26,Deportes,2,7999,15998,Online,Chihuahua
2025-03-29,Juego de Mesa Familiar,Juguetes,1,449,449,Marketplace,Nuevo León
2025-03-30,Banda de Correr Plegable,Deportes,1,12499,12499,Marketplace,Puebla
2025-03-30,Smartphone X5,Electrónica,2,8998.50,17997,Móvil App,Puebla
2025-03-31,Vestido Floral Summer,Moda,2,879,1758,Tienda física,Puebla
2025-03-31,Teclado Mecánico RGB,Electrónica,1,1599,1599,Tienda física,Jalisco
2025-04-01,Tablet Galaxy 10",Electrónica,1,4874,4874,Marketplace,Jalisco
2025-04-01,Perfume Noir Intense 100ml,Belleza,1,1899,1899,Online,CDMX
2025-04-02,Lentes de Sol Retro,Moda,2,759,1518,Móvil App,Puebla
2025-04-02,Kit Bandas Elásticas,Deportes,2,299,598,Online,Nuevo León
2025-04-03,Cámara Action Go,Electrónica,2,7599,15198,Móvil App,Nuevo León
2025-04-03,Consola Next X,Electrónica,3,13999,41997,Tienda física,CDMX
2025-04-04,Camiseta Basic Cotton,Moda,2,399,798,Marketplace,Jalisco
2025-04-04,Balón Soccer Pro FIFA,Deportes,1,549,549,Online,Jalisco
2025-04-04,Rizador de Pelas Digital,Belleza,1,898.50,898.50,Marketplace,Chihuahua
2025-04-04,Secadora Iónica 2200W,Belleza,1,1498.50,1498.50,Móvil App,CDMX
2025-04-05,Banda de Correr Plegable,Deportes,1,12498.50,12498.50,Marketplace,CDMX
2025-04-06,Paleta de Sombras Nude,Belleza,1,499,499,Móvil App,Chihuahua
2025-04-07,Smart TV 55'',Electrónica,1,11499,11499,Marketplace,Nuevo León
2025-04-07,Set Ciencia Experimentos,Juguetes,2,628.50,1257,Online,CDMX
2025-04-07,Smartphone X5,Electrónica,1,8999,8999,Online,Nuevo León
2025-04-08,Tablet Galaxy 10",Electrónica,3,6498.50,19495.50,Online,CDMX
2025-04-09,Chamarra Denim Classic,Moda,3,974,2922,Móvil App,CDMX
2025-04-09,Dron Junior HD,Juguetes,2,1599,3198,Marketplace,Nuevo León
2025-04-09,Crema Hidratante Aloe,Belleza,1,389,389,Móvil App,Jalisco
2025-04-09,Smart TV 55'',Electrónica,1,11498.50,11498.50,Marketplace,CDMX
2025-04-10,Tablet Galaxy 10",Electrónica,1,6499,6499,Marketplace,Yucatán
2025-04-10,Pantalón Chino Slim,Moda,2,948.50,1897,Online,Chihuahua
2025-04-10,Tablet Galaxy 10",Electrónica,1,5199,5199,Móvil App,Jalisco
2025-04-11,Lámpara LED Inteligente,Hogar,2,548.50,1097,Online,CDMX
2025-04-12,Smartphone X5,Electrónica,1,8999,8999,Online,CDMX
2025-04-12,Tablet Galaxy 10",Electrónica,2,6499,12998,Online,Puebla
2025-04-13,Chamarra Denim Classic,Moda,1,1299,1299,Tienda física,Jalisco
2025-04-14,Set de Sábanas Queen 600h,Hogar,2,1199,2398,Tienda física,Nuevo León
2025-04-14,Mancuernas Ajustables 10kg,Deportes,1,998.50,998.50,Marketplace,Yucatán
2025-04-15,Laptop Pro 14,Electrónica,1,18998.50,18998.50,Marketplace,Nuevo León
2025-04-15,Pantalón Chino Slim,Moda,1,759,759,Online,CDMX
2025-04-15,Paleta de Sombras Nude,Belleza,2,499,998,Online,Yucatán
2025-04-15,Juego de Mesa Familiar,Juguetes,1,449,449,Marketplace,CDMX
2025-04-16,Lámpara LED Inteligente,Hogar,1,467,467,Online,CDMX
2025-04-16,Cafetera Espresso Deluxe,Hogar,2,4599,9198,Online,Nuevo León
2025-04-16,Auto RC Turbo Rally,Juguetes,1,779,779,Online,Puebla
2025-04-16,Camiseta Basic Cotton,Moda,1,319,319,Online,Chihuahua
2025-04-17,Cámara Action Go,Electrónica,2,7999,15998,Móvil App,Jalisco
2025-04-17,Consola Next X,Electrónica,1,11199,11199,Online,CDMX
2025-04-18,Camiseta Basic Cotton,Moda,1,379,379,Online,CDMX
2025-04-18,Kit Bandas Elásticas,Deportes,1,299,299,Marketplace,Puebla
2025-04-19,Smart TV 55'',Electrónica,1,11498.50,11498.50,Tienda física,Puebla
2025-04-19,Bloques Creativos 500pz,Juguetes,2,898.50,1797,Tienda física,Puebla
2025-04-19,Peluche Oso Gigante 1.5m,Juguetes,1,548.50,548.50,Online,Chihuahua
2025-04-19,Aspiradora Robot Clean+,Hogar,1,5999,5999,Tienda física,Puebla
2025-04-19,Tenis Runner Air,Moda,1,2199,2199,Marketplace,Jalisco
2025-04-20,Casco Ciclismo Aero,Deportes,1,974,974,Online,CDMX
2025-04-20,Crema Hidratante Aloe,Belleza,3,389,1167,Móvil App,CDMX
2025-04-21,Vestido Floral Summer,Moda,1,1099,1099,Móvil App,Puebla
2025-04-21,Cafetera Espresso Deluxe,Hogar,1,3449,3449,Online,CDMX
2025-04-21,Barra de Sonido 2.1,Electrónica,2,3499,6998,Marketplace,Jalisco
2025-04-21,Smartwatch Fit 3,Electrónica,1,3299,3299,Marketplace,Jalisco
2025-04-21,Yoga Mat Premium,Deportes,2,648.50,1297,Online,CDMX
2025-04-21,Peluche Oso Gigante 1.5m,Juguetes,2,549,1098,Online,CDMX
2025-04-22,Casco Ciclismo Aero,Deportes,6,1299,7794,Online,Nuevo León
2025-04-22,Laptop Pro 14,Electrónica,1,15199,15199,Online,Puebla
2025-04-25,Laptop Pro 14,Electrónica,3,18998.50,56995.50,Online,Jalisco
2025-04-25,Peluche Oso Gigante 1.5m,Juguetes,1,548.50,548.50,Tienda física,Puebla
2025-04-25,Dron Junior HD,Juguetes,3,1279,3837,Móvil App,CDMX
2025-04-25,Set de Sábanas Queen 600h,Hogar,1,1019,1019,Móvil App,Puebla
2025-04-25,Smartphone X5,Electrónica,1,8998.50,8998.50,Marketplace,Jalisco
2025-04-26,Audífonos ANC Studio,Electrónica,1,2498.50,2498.50,Tienda física,Nuevo León
2025-04-27,Peluche Oso Gigante 1.5m,Juguetes,1,548.50,548.50,Tienda física,Nuevo León
2025-04-27,Aspiradora Robot Clean+,Hogar,1,5999,5999,Marketplace,CDMX
2025-04-28,Dron Junior HD,Juguetes,2,1439,2878,Tienda física,Yucatán
2025-04-28,Juego de Mesa Familiar,Juguetes,1,449,449,Online,Jalisco
2025-04-29,Smartwatch Fit 3,Electrónica,5,3299,16495,Online,CDMX
2025-04-30,Cámara Action Go,Electrónica,3,7999,23997,Tienda física,CDMX
2025-05-01,Laptop Pro 14,Electrónica,1,18999,18999,Tienda física,Chihuahua
2025-05-01,Dron Junior HD,Juguetes,1,1359,1359,Online,CDMX
2025-05-01,Camiseta Basic Cotton,Moda,2,399,798,Móvil App,CDMX
2025-05-01,Serum Vitamina C 30ml,Belleza,1,659,659,Marketplace,Chihuahua
2025-05-02,Casco Ciclismo Aero,Deportes,1,1298.50,1298.50,Online,Yucatán
2025-05-02,Sudadera Hoodie Urban,Moda,2,764,1528,Tienda física,CDMX
2025-05-03,Kit Bandas Elásticas,Deportes,1,299,299,Tienda física,Yucatán
2025-05-03,Casco Ciclismo Aero,Deportes,1,1299,1299,Online,Yucatán
2025-05-03,Smartwatch Fit 3,Electrónica,2,3299,6598,Móvil App,Yucatán
2025-05-04,Bloques Creativos 500pz,Juguetes,2,899,1798,Tienda física,Chihuahua
2025-05-05,Smartphone X5,Electrónica,2,8999,17998,Online,Yucatán
2025-05-05,Peluche Oso Gigante 1.5m,Juguetes,2,549,1098,Online,Nuevo León
2025-05-05,Secadora Iónica 2200W,Belleza,1,1199,1199,Online,Yucatán
2025-05-07,Barra de Sonido 2.1,Electrónica,1,3498.50,3498.50,Online,Yucatán
2025-05-08,Chamarra Denim Classic,Moda,2,974,1948,Marketplace,Jalisco
2025-05-09,Smart TV 55'',Electrónica,1,11499,11499,Online,Puebla
2025-05-09,Peluche Oso Gigante 1.5m,Juguetes,3,548.50,1645.50,Marketplace,Puebla
2025-05-10,Paleta de Sombras Nude,Belleza,2,474,948,Móvil App,Nuevo León
2025-05-10,Secadora Iónica 2200W,Belleza,1,1499,1499,Online,Puebla
2025-05-10,Audífonos ANC Studio,Electrónica,2,1874,3748,Marketplace,CDMX
2025-05-12,Cámara Action Go,Electrónica,2,7999,15998,Marketplace,Yucatán
2025-05-12,Auto RC Turbo Rally,Juguetes,2,779,1558,Tienda física,Jalisco
2025-05-13,Casco Ciclismo Aero,Deportes,1,1299,1299,Online,Nuevo León
2025-05-13,Smart TV 55'',Electrónica,2,10924,21848,Marketplace,Yucatán
2025-05-13,Smartwatch Fit 3,Electrónica,1,3298.50,3298.50,Marketplace,CDMX
2025-05-15,Sudadera Hoodie Urban,Moda,3,899,2697,Marketplace,Nuevo León
2025-05-15,Banda de Correr Plegable,Deportes,1,12499,12499,Tienda física,Nuevo León
2025-05-15,Banda de Correr Plegable,Deportes,1,12499,12499,Online,Jalisco
2025-05-15,Secadora Iónica 2200W,Belleza,1,1124,1124,Tienda física,CDMX
2025-05-16,Bloques Creativos 500pz,Juguetes,3,899,2697,Tienda física,Nuevo León
2025-05-17,Bicicleta Urbana R26,Deportes,1,7999,7999,Marketplace,CDMX
2025-05-17,Chamarra Denim Classic,Moda,1,1299,1299,Marketplace,CDMX
2025-05-18,Laptop Pro 14,Electrónica,5,14249,71245,Online,CDMX
2025-05-18,Kit Bandas Elásticas,Deportes,1,254,254,Online,Jalisco
2025-05-18,Barra de Sonido 2.1,Electrónica,1,3499,3499,Marketplace,Chihuahua
2025-05-18,Teclado Mecánico RGB,Electrónica,6,1599,9594,Online,Yucatán
2025-05-19,Casco Ciclismo Aero,Deportes,5,1299,6495,Tienda física,Nuevo León
2025-05-19,Vestido Floral Summer,Moda,1,1099,1099,Móvil App,Chihuahua
2025-05-19,Kit Bandas Elásticas,Deportes,2,299,598,Online,Nuevo León
2025-05-20,Casco Ciclismo Aero,Deportes,1,1234,1234,Marketplace,Nuevo León
2025-05-20,Juego de Mesa Familiar,Juguetes,1,427,427,Online,CDMX
2025-05-20,Mancuernas Ajustables 10kg,Deportes,1,999,999,Tienda física,Nuevo León
2025-05-21,Balón Soccer Pro FIFA,Deportes,3,549,1647,Móvil App,Jalisco
2025-05-21,Kit Bandas Elásticas,Deportes,5,299,1495,Marketplace,Chihuahua
2025-05-22,Lámpara LED Inteligente,Hogar,2,548.50,1097,Tienda física,Chihuahua
2025-05-23,Audífonos ANC Studio,Electrónica,1,2498.50,2498.50,Tienda física,CDMX
2025-05-24,Laptop Pro 14,Electrónica,1,18999,18999,Online,CDMX
2025-05-24,Bolso de Cuero Milano,Moda,3,1899,5697,Tienda física,CDMX
2025-05-24,Barra de Sonido 2.1,Electrónica,2,3499,6998,Móvil App,Jalisco
2025-05-24,Bolso de Cuero Milano,Moda,2,1898.50,3797,Online,CDMX
2025-05-24,Pantalón Chino Slim,Moda,2,949,1898,Tienda física,Nuevo León
2025-05-25,Kit Bandas Elásticas,Deportes,2,299,598,Online,CDMX
2025-05-25,Camiseta Basic Cotton,Moda,1,399,399,Marketplace,CDMX
2025-05-26,Dron Junior HD,Juguetes,2,1599,3198,Online,Nuevo León
2025-05-26,Peluche Oso Gigante 1.5m,Juguetes,1,549,549,Móvil App,CDMX
2025-05-26,Tenis Runner Air,Moda,2,2198.50,4397,Marketplace,Jalisco
2025-05-27,Bolso de Cuero Milano,Moda,1,1614,1614,Online,Yucatán
2025-05-28,Smartwatch Fit 3,Electrónica,1,3299,3299,Online,Jalisco
2025-05-28,Consola Next X,Electrónica,1,13998.50,13998.50,Marketplace,Puebla
2025-05-28,Auto RC Turbo Rally,Juguetes,1,778.50,778.50,Marketplace,Jalisco
2025-05-28,Kit Bandas Elásticas,Deportes,3,299,897,Online,Jalisco
2025-05-29,Pantalón Chino Slim,Moda,1,949,949,Online,Yucatán
2025-05-29,Aspiradora Robot Clean+,Hogar,1,5999,5999,Marketplace,Jalisco
2025-05-30,Rizador de Pelas Digital,Belleza,1,898.50,898.50,Online,CDMX
2025-05-30,Peluche Oso Gigante 1.5m,Juguetes,1,548.50,548.50,Marketplace,Yucatán
2025-05-31,Chamarra Denim Classic,Moda,3,974,2922,Marketplace,Jalisco
2025-05-31,Lámpara LED Inteligente,Hogar,2,548.50,1097,Móvil App,Yucatán
2025-05-31,Pantalón Chino Slim,Moda,1,807,807,Marketplace,Chihuahua
2025-06-01,Auto RC Turbo Rally,Juguetes,2,779,1558,Móvil App,Puebla
2025-06-04,Crema Hidratante Aloe,Belleza,1,389,389,Tienda física,Puebla
2025-06-05,Kit Bandas Elásticas,Deportes,2,299,598,Online,Yucatán
2025-06-05,Licuadora Turbo 1200W,Hogar,3,1699,5097,Móvil App,Puebla
2025-06-06,Juego de Mesa Familiar,Juguetes,1,449,449,Marketplace,CDMX
2025-06-06,Bloques Creativos 500pz,Juguetes,1,899,899,Online,Jalisco
2025-06-06,Perfume Noir Intense 100ml,Belleza,1,1899,1899,Marketplace,CDMX
2025-06-07,Lámpara LED Inteligente,Hogar,3,549,1647,Online,Puebla
2025-06-07,Kit Bandas Elásticas,Deportes,1,299,299,Tienda física,Puebla
2025-06-07,Balón Soccer Pro FIFA,Deportes,1,548.50,548.50,Tienda física,Jalisco
2025-06-07,Auto RC Turbo Rally,Juguetes,1,701,701,Marketplace,CDMX
2025-06-08,Camiseta Basic Cotton,Moda,1,399,399,Marketplace,Nuevo León
2025-06-08,Smartwatch Fit 3,Electrónica,1,3298.50,3298.50,Marketplace,Puebla
2025-06-09,Smartwatch Fit 3,Electrónica,1,3134,3134,Tienda física,CDMX
2025-06-09,Audífonos ANC Studio,Electrónica,1,2124,2124,Tienda física,Jalisco
2025-06-10,Bloques Creativos 500pz,Juguetes,3,809,2427,Marketplace,Jalisco
2025-06-10,Consola Next X,Electrónica,2,13999,27998,Marketplace,Nuevo León
2025-06-11,Sudadera Hoodie Urban,Moda,1,674,674,Tienda física,CDMX
2025-06-11,Smartwatch Fit 3,Electrónica,2,3299,6598,Online,CDMX
2025-06-11,Secadora Iónica 2200W,Belleza,1,1499,1499,Móvil App,Puebla
2025-06-12,Dron Junior HD,Juguetes,2,1598.50,3197,Móvil App,Jalisco
2025-06-12,Pantalón Chino Slim,Moda,1,949,949,Marketplace,CDMX
2025-06-12,Smart TV 55'',Electrónica,1,11498.50,11498.50,Online,CDMX
2025-06-12,Smartphone X5,Electrónica,2,8999,17998,Móvil App,Jalisco
2025-06-13,Pantalón Chino Slim,Moda,2,948.50,1897,Online,CDMX
2025-06-13,Smartphone X5,Electrónica,1,8998.50,8998.50,Móvil App,CDMX
2025-06-14,Pantalón Chino Slim,Moda,1,949,949,Marketplace,Nuevo León
2025-06-15,Rizador de Pelas Digital,Belleza,1,898.50,898.50,Tienda física,Jalisco
2025-06-15,Teclado Mecánico RGB,Electrónica,2,1439,2878,Online,Yucatán
2025-06-16,Lámpara LED Inteligente,Hogar,1,549,549,Móvil App,Chihuahua
2025-06-16,Lámpara LED Inteligente,Hogar,5,549,2745,Móvil App,Jalisco
2025-06-16,Lentes de Sol Retro,Moda,1,759,759,Tienda física,Chihuahua
2025-06-16,Perfume Noir Intense 100ml,Belleza,1,1709,1709,Tienda física,Jalisco
2025-06-16,Crema Hidratante Aloe,Belleza,1,389,389,Online,Chihuahua
2025-06-17,Set de Sábanas Queen 600h,Hogar,2,1199,2398,Marketplace,Jalisco
2025-06-17,Auto RC Turbo Rally,Juguetes,3,779,2337,Móvil App,Chihuahua
2025-06-17,Crema Hidratante Aloe,Belleza,3,389,1167,Marketplace,Nuevo León
2025-06-18,Barra de Sonido 2.1,Electrónica,5,3499,17495,Tienda física,CDMX
2025-06-18,Crema Hidratante Aloe,Belleza,2,389,778,Online,Puebla
2025-06-18,Bloques Creativos 500pz,Juguetes,1,899,899,Marketplace,CDMX
2025-06-18,Bicicleta Urbana R26,Deportes,1,7999,7999,Online,Nuevo León
2025-06-18,Tablet Galaxy 10",Electrónica,1,6498.50,6498.50,Online,CDMX
2025-06-19,Casco Ciclismo Aero,Deportes,2,1299,2598,Online,Puebla
2025-06-19,Smartwatch Fit 3,Electrónica,3,2969,8907,Online,CDMX
2025-06-19,Dron Junior HD,Juguetes,1,1599,1599,Móvil App,Nuevo León
2025-06-21,Tablet Galaxy 10",Electrónica,1,6499,6499,Marketplace,Jalisco
2025-06-21,Kit Bandas Elásticas,Deportes,2,299,598,Marketplace,Jalisco
2025-06-22,Peluche Oso Gigante 1.5m,Juguetes,1,549,549,Online,Nuevo León
2025-06-22,Yoga Mat Premium,Deportes,1,649,649,Marketplace,CDMX
2025-06-23,Dron Junior HD,Juguetes,3,1599,4797,Online,Puebla
2025-06-24,Juego de Ollas Antiadherentes,Hogar,1,2399,2399,Online,Yucatán
2025-06-25,Teclado Mecánico RGB,Electrónica,1,1519,1519,Marketplace,Nuevo León
2025-06-25,Set Ciencia Experimentos,Juguetes,1,598,598,Móvil App,CDMX
2025-06-25,Smartwatch Fit 3,Electrónica,1,2474,2474,Online,CDMX
2025-06-26,Peluche Oso Gigante 1.5m,Juguetes,1,548.50,548.50,Marketplace,Chihuahua
2025-06-27,Cámara Action Go,Electrónica,2,7998.50,15997,Marketplace,CDMX
2025-06-27,Vestido Floral Summer,Moda,2,1098.50,2197,Online,Jalisco
2025-06-28,Balón Soccer Pro FIFA,Deportes,6,549,3294,Tienda física,Chihuahua
2025-06-29,Bloques Creativos 500pz,Juguetes,1,899,899,Tienda física,CDMX
2025-06-29,Lentes de Sol Retro,Moda,2,759,1518,Online,Puebla
2025-06-30,Perfume Noir Intense 100ml,Belleza,1,1899,1899,Marketplace,Yucatán
2025-06-30,Lentes de Sol Retro,Moda,1,759,759,Tienda física,Nuevo León
2025-07-01,Aspiradora Robot Clean+,Hogar,1,4799,4799,Online,Chihuahua
2025-07-02,Peluche Oso Gigante 1.5m,Juguetes,2,548.50,1097,Tienda física,Yucatán
2025-07-02,Yoga Mat Premium,Deportes,1,649,649,Online,Jalisco
2025-07-03,Cafetera Espresso Deluxe,Hogar,1,4598.50,4598.50,Online,Jalisco
2025-07-03,Yoga Mat Premium,Deportes,1,487,487,Online,CDMX
2025-07-03,Lámpara LED Inteligente,Hogar,1,548.50,548.50,Móvil App,Puebla
2025-07-04,Aspiradora Robot Clean+,Hogar,2,5998.50,11997,Marketplace,Jalisco
2025-07-04,Paleta de Sombras Nude,Belleza,1,499,499,Online,Jalisco
2025-07-05,Consola Next X,Electrónica,1,13998.50,13998.50,Móvil App,CDMX
2025-07-05,Perfume Noir Intense 100ml,Belleza,1,1898.50,1898.50,Online,Puebla
2025-07-06,Serum Vitamina C 30ml,Belleza,1,659,659,Tienda física,Yucatán
2025-07-06,Smart TV 55'',Electrónica,2,11498.50,22997,Online,CDMX
2025-07-06,Barra de Sonido 2.1,Electrónica,1,3499,3499,Marketplace,Nuevo León
2025-07-07,Rizador de Pelas Digital,Belleza,1,854,854,Online,Nuevo León
2025-07-07,Paleta de Sombras Nude,Belleza,2,499,998,Tienda física,CDMX
2025-07-07,Audífonos ANC Studio,Electrónica,2,2498.50,4997,Marketplace,Puebla
2025-07-07,Chamarra Denim Classic,Moda,1,1299,1299,Marketplace,Yucatán
2025-07-07,Purificador de Aire Mini,Hogar,5,2899,14495,Online,Jalisco
2025-07-07,Serum Vitamina C 30ml,Belleza,2,658.50,1317,Marketplace,Puebla
2025-07-09,Yoga Mat Premium,Deportes,3,649,1947,Marketplace,Puebla
2025-07-09,Tablet Galaxy 10",Electrónica,1,6499,6499,Móvil App,Chihuahua
2025-07-09,Smartwatch Fit 3,Electrónica,2,2969,5938,Online,Jalisco
2025-07-09,Chamarra Denim Classic,Moda,2,1299,2598,Online,CDMX
2025-07-09,Dron Junior HD,Juguetes,1,1439,1439,Tienda física,Jalisco
2025-07-09,Peluche Oso Gigante 1.5m,Juguetes,1,548.50,548.50,Tienda física,Yucatán
2025-07-11,Banda de Correr Plegable,Deportes,1,12499,12499,Tienda física,Yucatán
2025-07-11,Banda de Correr Plegable,Deportes,1,12498.50,12498.50,Online,CDMX
2025-07-12,Kit Bandas Elásticas,Deportes,1,254,254,Móvil App,Nuevo León
2025-07-12,Dron Junior HD,Juguetes,1,1599,1599,Marketplace,CDMX
2025-07-12,Cafetera Espresso Deluxe,Hogar,4,4599,18396,Online,CDMX
2025-07-13,Paleta de Sombras Nude,Belleza,2,499,998,Móvil App,Puebla
2025-07-13,Auto RC Turbo Rally,Juguetes,2,740,1480,Móvil App,CDMX
2025-07-13,Bloques Creativos 500pz,Juguetes,2,898.50,1797,Tienda física,CDMX
2025-07-14,Bolso de Cuero Milano,Moda,3,1898.50,5695.50,Móvil App,CDMX
2025-07-14,Auto RC Turbo Rally,Juguetes,1,779,779,Tienda física,Jalisco
2025-07-14,Vestido Floral Summer,Moda,2,1098.50,2197,Online,Puebla
2025-07-15,Smartphone X5,Electrónica,1,8999,8999,Online,Jalisco
2025-07-15,Bloques Creativos 500pz,Juguetes,1,898.50,898.50,Online,CDMX
2025-07-15,Teclado Mecánico RGB,Electrónica,1,1599,1599,Marketplace,Puebla
2025-07-15,Smartphone X5,Electrónica,1,7649,7649,Online,Yucatán
2025-07-16,Rizador de Pelas Digital,Belleza,3,899,2697,Tienda física,Puebla
2025-07-16,Consola Next X,Electrónica,2,13299,26598,Marketplace,CDMX
2025-07-17,Rizador de Pelas Digital,Belleza,2,719,1438,Online,Nuevo León
2025-07-17,Kit Bandas Elásticas,Deportes,1,299,299,Online,Chihuahua
2025-07-17,Barra de Sonido 2.1,Electrónica,1,3499,3499,Online,Puebla
2025-07-18,Camiseta Basic Cotton,Moda,2,399,798,Móvil App,Yucatán
2025-07-18,Laptop Pro 14,Electrónica,3,18049,54147,Tienda física,CDMX
2025-07-19,Camiseta Basic Cotton,Moda,2,399,798,Marketplace,Puebla
2025-07-19,Laptop Pro 14,Electrónica,1,18999,18999,Online,Jalisco
2025-07-19,Consola Next X,Electrónica,2,13999,27998,Online,Jalisco
2025-07-20,Paleta de Sombras Nude,Belleza,2,499,998,Móvil App,Jalisco
2025-07-20,Kit Bandas Elásticas,Deportes,2,299,598,Online,Chihuahua
2025-07-20,Consola Next X,Electrónica,5,13999,69995,Online,Jalisco
2025-07-20,Sudadera Hoodie Urban,Moda,1,898.50,898.50,Online,Jalisco
2025-07-21,Sudadera Hoodie Urban,Moda,1,899,899,Marketplace,CDMX
2025-07-22,Bloques Creativos 500pz,Juguetes,2,899,1798,Tienda física,Jalisco
2025-07-22,Crema Hidratante Aloe,Belleza,1,370,370,Tienda física,Puebla
2025-07-23,Tablet Galaxy 10",Electrónica,3,6498.50,19495.50,Marketplace,Yucatán
2025-07-23,Vestido Floral Summer,Moda,1,1099,1099,Online,CDMX
2025-07-24,Smartwatch Fit 3,Electrónica,1,3299,3299,Online,Nuevo León
2025-07-24,Cámara Action Go,Electrónica,6,7999,47994,Móvil App,CDMX
2025-07-24,Bicicleta Urbana R26,Deportes,1,7999,7999,Tienda física,Nuevo León
2025-07-25,Paleta de Sombras Nude,Belleza,5,399,1995,Online,Yucatán
2025-07-26,Juego de Mesa Familiar,Juguetes,1,449,449,Online,Nuevo León
2025-07-26,Paleta de Sombras Nude,Belleza,1,499,499,Tienda física,Chihuahua
2025-07-26,Banda de Correr Plegable,Deportes,1,12499,12499,Tienda física,Chihuahua
2025-07-29,Cafetera Espresso Deluxe,Hogar,1,4598.50,4598.50,Tienda física,Chihuahua
2025-07-29,Bloques Creativos 500pz,Juguetes,1,898.50,898.50,Online,Jalisco
2025-07-30,Barra de Sonido 2.1,Electrónica,1,2974,2974,Móvil App,CDMX
2025-07-30,Consola Next X,Electrónica,1,11899,11899,Tienda física,CDMX
2025-07-30,Tenis Runner Air,Moda,4,2199,8796,Marketplace,Puebla
2025-07-31,Paleta de Sombras Nude,Belleza,3,499,1497,Marketplace,Puebla
2025-07-31,Bolso de Cuero Milano,Moda,1,1899,1899,Móvil App,Puebla
2025-08-01,Audífonos ANC Studio,Electrónica,1,2499,2499,Online,Chihuahua
2025-08-01,Smartwatch Fit 3,Electrónica,1,3298.50,3298.50,Móvil App,Chihuahua
2025-08-02,Lámpara LED Inteligente,Hogar,3,548.50,1645.50,Online,Jalisco
2025-08-03,Barra de Sonido 2.1,Electrónica,4,2799,11196,Móvil App,CDMX
2025-08-04,Audífonos ANC Studio,Electrónica,2,2499,4998,Online,CDMX
2025-08-04,Laptop Pro 14,Electrónica,5,14249,71245,Marketplace,CDMX
2025-08-04,Paleta de Sombras Nude,Belleza,2,424,848,Móvil App,CDMX
2025-08-05,Smartphone X5,Electrónica,1,8999,8999,Online,Nuevo León
2025-08-06,Paleta de Sombras Nude,Belleza,2,499,998,Tienda física,Nuevo León
2025-08-06,Bloques Creativos 500pz,Juguetes,1,899,899,Marketplace,Puebla
2025-08-06,Serum Vitamina C 30ml,Belleza,1,659,659,Online,Nuevo León
2025-08-07,Aspiradora Robot Clean+,Hogar,1,5999,5999,Online,Jalisco
2025-08-07,Cámara Action Go,Electrónica,1,7999,7999,Móvil App,CDMX
2025-08-08,Juego de Ollas Antiadherentes,Hogar,1,2039,2039,Tienda física,CDMX
2025-08-09,Casco Ciclismo Aero,Deportes,2,1299,2598,Online,Nuevo León
2025-08-09,Banda de Correr Plegable,Deportes,3,12498.50,37495.50,Online,Puebla
2025-08-10,Kit Bandas Elásticas,Deportes,2,224,448,Móvil App,CDMX
2025-08-11,Secadora Iónica 2200W,Belleza,3,1499,4497,Online,CDMX
2025-08-11,Dron Junior HD,Juguetes,2,1599,3198,Online,CDMX
2025-08-11,Camiseta Basic Cotton,Moda,1,339,339,Online,Yucatán
2025-08-11,Tablet Galaxy 10",Electrónica,1,6499,6499,Marketplace,Jalisco
2025-08-11,Consola Next X,Electrónica,1,13999,13999,Online,Jalisco
2025-08-12,Rizador de Pelas Digital,Belleza,1,764,764,Online,Yucatán
2025-08-12,Purificador de Aire Mini,Hogar,1,2899,2899,Móvil App,Chihuahua
2025-08-13,Juego de Ollas Antiadherentes,Hogar,1,2399,2399,Tienda física,Puebla
2025-08-14,Dron Junior HD,Juguetes,1,1598.50,1598.50,Online,Puebla
2025-08-15,Aspiradora Robot Clean+,Hogar,1,5699,5699,Online,Nuevo León
2025-08-15,Smartwatch Fit 3,Electrónica,1,3299,3299,Tienda física,Jalisco
2025-08-16,Secadora Iónica 2200W,Belleza,3,1349,4047,Online,Nuevo León
2025-08-16,Yoga Mat Premium,Deportes,2,649,1298,Online,Jalisco
2025-08-17,Set Ciencia Experimentos,Juguetes,1,629,629,Online,Chihuahua
2025-08-17,Rizador de Pelas Digital,Belleza,2,899,1798,Tienda física,CDMX
2025-08-18,Paleta de Sombras Nude,Belleza,1,499,499,Online,Yucatán
2025-08-18,Mancuernas Ajustables 10kg,Deportes,2,998.50,1997,Online,Puebla
2025-08-18,Kit Bandas Elásticas,Deportes,1,299,299,Online,CDMX
2025-08-19,Set de Sábanas Queen 600h,Hogar,1,1199,1199,Marketplace,Nuevo León
2025-08-19,Kit Bandas Elásticas,Deportes,4,224,896,Marketplace,Jalisco
2025-08-20,Camiseta Basic Cotton,Moda,2,399,798,Online,CDMX
2025-08-20,Chamarra Denim Classic,Moda,3,1298.50,3895.50,Marketplace,Yucatán
2025-08-20,Perfume Noir Intense 100ml,Belleza,1,1899,1899,Móvil App,Nuevo León
2025-08-20,Tablet Galaxy 10",Electrónica,2,6498.50,12997,Móvil App,Jalisco
2025-08-20,Banda de Correr Plegable,Deportes,1,12499,12499,Online,CDMX
2025-08-20,Camiseta Basic Cotton,Moda,3,399,1197,Móvil App,Nuevo León
2025-08-20,Lámpara LED Inteligente,Hogar,1,412,412,Tienda física,CDMX
2025-08-21,Bicicleta Urbana R26,Deportes,1,7999,7999,Tienda física,CDMX
2025-08-22,Banda de Correr Plegable,Deportes,2,12499,24998,Online,Puebla
2025-08-22,Dron Junior HD,Juguetes,2,1599,3198,Tienda física,Puebla
2025-08-23,Dron Junior HD,Juguetes,1,1599,1599,Online,Puebla
2025-08-23,Pantalón Chino Slim,Moda,1,948.50,948.50,Tienda física,Jalisco
2025-08-23,Licuadora Turbo 1200W,Hogar,1,1698.50,1698.50,Tienda física,Nuevo León
2025-08-23,Dron Junior HD,Juguetes,6,1598.50,9591,Móvil App,Yucatán
2025-08-24,Juego de Ollas Antiadherentes,Hogar,1,2399,2399,Online,Jalisco
2025-08-24,Balón Soccer Pro FIFA,Deportes,2,549,1098,Tienda física,Puebla
2025-08-24,Cámara Action Go,Electrónica,2,7599,15198,Marketplace,CDMX
2025-08-25,Dron Junior HD,Juguetes,1,1599,1599,Online,CDMX
2025-08-25,Juego de Mesa Familiar,Juguetes,2,449,898,Online,CDMX
2025-08-26,Barra de Sonido 2.1,Electrónica,2,3498.50,6997,Online,CDMX
2025-08-26,Smartphone X5,Electrónica,2,6749,13498,Online,Jalisco
2025-08-27,Licuadora Turbo 1200W,Hogar,1,1699,1699,Online,Nuevo León
2025-08-27,Balón Soccer Pro FIFA,Deportes,2,549,1098,Tienda física,Nuevo León
2025-08-28,Casco Ciclismo Aero,Deportes,1,1299,1299,Online,CDMX
2025-08-28,Aspiradora Robot Clean+,Hogar,1,5999,5999,Tienda física,Jalisco
2025-08-28,Aspiradora Robot Clean+,Hogar,1,5999,5999,Móvil App,Yucatán
2025-08-29,Tenis Runner Air,Moda,3,1759,5277,Marketplace,Nuevo León
2025-08-29,Yoga Mat Premium,Deportes,1,649,649,Tienda física,Yucatán
2025-08-29,Bicicleta Urbana R26,Deportes,1,7999,7999,Tienda física,Jalisco
2025-08-29,Licuadora Turbo 1200W,Hogar,1,1614,1614,Online,CDMX
2025-08-29,Set de Sábanas Queen 600h,Hogar,1,1198.50,1198.50,Marketplace,Jalisco
2025-08-30,Mancuernas Ajustables 10kg,Deportes,1,998.50,998.50,Tienda física,Yucatán
2025-08-30,Cámara Action Go,Electrónica,2,7998.50,15997,Marketplace,Puebla
2025-08-31,Smartphone X5,Electrónica,3,7199,21597,Online,Nuevo León
2025-08-31,Secadora Iónica 2200W,Belleza,1,1498.50,1498.50,Tienda física,Puebla
2025-08-31,Banda de Correr Plegable,Deportes,1,12499,12499,Tienda física,Jalisco
2025-09-01,Paleta de Sombras Nude,Belleza,1,499,499,Online,CDMX
2025-09-01,Perfume Noir Intense 100ml,Belleza,1,1424,1424,Online,CDMX
2025-09-01,Laptop Pro 14,Electrónica,2,18999,37998,Móvil App,Puebla
2025-09-02,Lámpara LED Inteligente,Hogar,2,549,1098,Marketplace,CDMX
2025-09-02,Consola Next X,Electrónica,1,13999,13999,Tienda física,Chihuahua
2025-09-04,Mancuernas Ajustables 10kg,Deportes,1,998.50,998.50,Online,Jalisco
2025-09-04,Set de Sábanas Queen 600h,Hogar,2,1199,2398,Marketplace,Jalisco
2025-09-04,Banda de Correr Plegable,Deportes,2,12499,24998,Online,Chihuahua
2025-09-05,Balón Soccer Pro FIFA,Deportes,1,548.50,548.50,Tienda física,CDMX
2025-09-06,Smart TV 55'',Electrónica,2,11499,22998,Online,Chihuahua
2025-09-07,Consola Next X,Electrónica,1,13998.50,13998.50,Online,Puebla
2025-09-07,Mancuernas Ajustables 10kg,Deportes,2,998.50,1997,Marketplace,Chihuahua
2025-09-07,Purificador de Aire Mini,Hogar,3,2899,8697,Tienda física,Puebla
2025-09-08,Casco Ciclismo Aero,Deportes,1,1299,1299,Tienda física,Puebla
2025-09-08,Pantalón Chino Slim,Moda,1,948.50,948.50,Marketplace,Nuevo León
2025-09-08,Pantalón Chino Slim,Moda,1,948.50,948.50,Online,Yucatán
2025-09-08,Kit Bandas Elásticas,Deportes,3,299,897,Marketplace,Puebla
2025-09-08,Tenis Runner Air,Moda,1,2089,2089,Marketplace,CDMX
2025-09-08,Barra de Sonido 2.1,Electrónica,2,3499,6998,Marketplace,CDMX
2025-09-09,Secadora Iónica 2200W,Belleza,4,1499,5996,Marketplace,Puebla
2025-09-09,Consola Next X,Electrónica,1,13999,13999,Tienda física,CDMX
2025-09-09,Chamarra Denim Classic,Moda,2,1299,2598,Tienda física,Yucatán
2025-09-09,Set Ciencia Experimentos,Juguetes,2,535,1070,Móvil App,Nuevo León
2025-09-10,Bloques Creativos 500pz,Juguetes,2,898.50,1797,Marketplace,Chihuahua
2025-09-12,Perfume Noir Intense 100ml,Belleza,1,1899,1899,Marketplace,Chihuahua
2025-09-14,Yoga Mat Premium,Deportes,1,649,649,Móvil App,CDMX
2025-09-14,Audífonos ANC Studio,Electrónica,2,2249,4498,Móvil App,Yucatán
2025-09-14,Bicicleta Urbana R26,Deportes,3,7999,23997,Móvil App,CDMX
2025-09-15,Peluche Oso Gigante 1.5m,Juguetes,5,522,2610,Marketplace,CDMX
2025-09-15,Teclado Mecánico RGB,Electrónica,1,1599,1599,Online,Yucatán
2025-09-16,Cafetera Espresso Deluxe,Hogar,1,4598.50,4598.50,Tienda física,CDMX
2025-09-16,Lámpara LED Inteligente,Hogar,1,549,549,Online,CDMX
2025-09-18,Smartwatch Fit 3,Electrónica,1,3299,3299,Marketplace,Nuevo León
2025-09-18,Crema Hidratante Aloe,Belleza,2,389,778,Móvil App,CDMX
2025-09-20,Barra de Sonido 2.1,Electrónica,1,3499,3499,Tienda física,Yucatán
2025-09-20,Tablet Galaxy 10",Electrónica,6,6499,38994,Tienda física,CDMX
2025-09-20,Peluche Oso Gigante 1.5m,Juguetes,1,549,549,Tienda física,Puebla
2025-09-20,Smartwatch Fit 3,Electrónica,3,3299,9897,Tienda física,Yucatán
2025-09-23,Tenis Runner Air,Moda,1,2089,2089,Tienda física,CDMX
2025-09-23,Paleta de Sombras Nude,Belleza,2,499,998,Móvil App,CDMX
2025-09-24,Kit Bandas Elásticas,Deportes,1,299,299,Online,Chihuahua
2025-09-25,Tablet Galaxy 10",Electrónica,1,6498.50,6498.50,Marketplace,Jalisco
2025-09-25,Lámpara LED Inteligente,Hogar,5,549,2745,Tienda física,Puebla
2025-09-26,Barra de Sonido 2.1,Electrónica,2,3499,6998,Tienda física,Nuevo León
2025-09-26,Cafetera Espresso Deluxe,Hogar,2,4599,9198,Móvil App,Puebla
2025-09-26,Yoga Mat Premium,Deportes,2,617,1234,Tienda física,Chihuahua
2025-09-27,Licuadora Turbo 1200W,Hogar,1,1274,1274,Marketplace,CDMX
2025-09-27,Smartphone X5,Electrónica,1,8999,8999,Tienda física,Yucatán
2025-09-27,Cámara Action Go,Electrónica,1,7998.50,7998.50,Marketplace,CDMX
2025-09-27,Crema Hidratante Aloe,Belleza,1,389,389,Tienda física,Chihuahua
2025-09-28,Bolso de Cuero Milano,Moda,3,1898.50,5695.50,Online,CDMX
2025-09-28,Rizador de Pelas Digital,Belleza,4,898.50,3594,Marketplace,Jalisco
2025-09-28,Perfume Noir Intense 100ml,Belleza,1,1899,1899,Tienda física,Puebla
2025-09-28,Smartwatch Fit 3,Electrónica,1,3298.50,3298.50,Online,CDMX
2025-09-28,Smart TV 55'',Electrónica,6,11498.50,68991,Móvil App,Yucatán
2025-09-29,Purificador de Aire Mini,Hogar,2,2898.50,5797,Marketplace,CDMX
2025-09-29,Chamarra Denim Classic,Moda,1,1298.50,1298.50,Móvil App,Jalisco
2025-09-29,Cámara Action Go,Electrónica,1,7998.50,7998.50,Tienda física,Chihuahua
2025-10-02,Rizador de Pelas Digital,Belleza,2,899,1798,Marketplace,Nuevo León
2025-10-02,Consola Next X,Electrónica,3,13998.50,41995.50,Marketplace,CDMX
2025-10-03,Lentes de Sol Retro,Moda,1,758.50,758.50,Tienda física,Chihuahua
2025-10-03,Tablet Galaxy 10",Electrónica,1,6499,6499,Tienda física,Jalisco
2025-10-06,Auto RC Turbo Rally,Juguetes,1,779,779,Marketplace,Chihuahua
2025-10-06,Smartwatch Fit 3,Electrónica,4,3299,13196,Tienda física,CDMX
2025-10-06,Smart TV 55'',Electrónica,1,11499,11499,Marketplace,Puebla
2025-10-06,Juego de Mesa Familiar,Juguetes,3,449,1347,Online,Jalisco
2025-10-07,Audífonos ANC Studio,Electrónica,1,2124,2124,Online,CDMX
2025-10-10,Lentes de Sol Retro,Moda,5,759,3795,Online,CDMX
2025-10-10,Banda de Correr Plegable,Deportes,1,12498.50,12498.50,Online,CDMX
2025-10-10,Yoga Mat Premium,Deportes,1,649,649,Online,Puebla
2025-10-10,Barra de Sonido 2.1,Electrónica,2,3324,6648,Móvil App,Nuevo León
2025-10-10,Camiseta Basic Cotton,Moda,2,399,798,Móvil App,Nuevo León
2025-10-11,Rizador de Pelas Digital,Belleza,2,899,1798,Móvil App,CDMX
2025-10-11,Smart TV 55'',Electrónica,1,11499,11499,Móvil App,CDMX
2025-10-13,Mancuernas Ajustables 10kg,Deportes,1,949,949,Móvil App,Chihuahua
2025-10-14,Cámara Action Go,Electrónica,1,7999,7999,Online,Jalisco
2025-10-15,Tenis Runner Air,Moda,3,2199,6597,Móvil App,Chihuahua
2025-10-15,Aspiradora Robot Clean+,Hogar,1,5699,5699,Móvil App,Yucatán
2025-10-16,Juego de Ollas Antiadherentes,Hogar,2,2399,4798,Online,Yucatán
2025-10-17,Kit Bandas Elásticas,Deportes,1,299,299,Online,Yucatán
2025-10-17,Tenis Runner Air,Moda,1,2198.50,2198.50,Online,Puebla
2025-10-17,Laptop Pro 14,Electrónica,3,18999,56997,Móvil App,Yucatán
2025-10-17,Mancuernas Ajustables 10kg,Deportes,1,998.50,998.50,Online,Chihuahua
2025-10-18,Auto RC Turbo Rally,Juguetes,2,779,1558,Marketplace,Jalisco
2025-10-18,Smart TV 55'',Electrónica,1,11499,11499,Online,Puebla
2025-10-19,Mancuernas Ajustables 10kg,Deportes,2,999,1998,Marketplace,CDMX
2025-10-19,Tenis Runner Air,Moda,3,2199,6597,Móvil App,CDMX
2025-10-19,Tenis Runner Air,Moda,1,2198.50,2198.50,Online,CDMX
2025-10-19,Smart TV 55'',Electrónica,2,11498.50,22997,Móvil App,CDMX
2025-10-20,Teclado Mecánico RGB,Electrónica,1,1599,1599,Móvil App,Puebla
2025-10-20,Smartwatch Fit 3,Electrónica,2,3299,6598,Móvil App,Jalisco
2025-10-20,Lámpara LED Inteligente,Hogar,2,549,1098,Online,Puebla
2025-10-20,Chamarra Denim Classic,Moda,1,1298.50,1298.50,Online,Nuevo León
2025-10-21,Laptop Pro 14,Electrónica,2,18049,36098,Móvil App,Puebla
2025-10-21,Teclado Mecánico RGB,Electrónica,1,1599,1599,Marketplace,Puebla
2025-10-22,Smart TV 55'',Electrónica,1,11499,11499,Online,CDMX
2025-10-22,Sudadera Hoodie Urban,Moda,3,899,2697,Tienda física,CDMX
2025-10-22,Chamarra Denim Classic,Moda,1,1298.50,1298.50,Online,Chihuahua
2025-10-23,Crema Hidratante Aloe,Belleza,1,389,389,Online,CDMX
2025-10-23,Vestido Floral Summer,Moda,1,989,989,Online,Puebla
2025-10-23,Juego de Ollas Antiadherentes,Hogar,3,2398.50,7195.50,Online,Jalisco
2025-10-24,Purificador de Aire Mini,Hogar,1,2899,2899,Tienda física,Yucatán
2025-10-25,Peluche Oso Gigante 1.5m,Juguetes,1,548.50,548.50,Tienda física,CDMX
2025-10-25,Bicicleta Urbana R26,Deportes,1,7999,7999,Móvil App,Jalisco
2025-10-25,Laptop Pro 14,Electrónica,3,18999,56997,Tienda física,Chihuahua
2025-10-26,Consola Next X,Electrónica,1,13999,13999,Móvil App,Yucatán
2025-10-26,Laptop Pro 14,Electrónica,1,18998.50,18998.50,Online,Chihuahua
2025-10-26,Barra de Sonido 2.1,Electrónica,2,3499,6998,Tienda física,Puebla
2025-10-26,Barra de Sonido 2.1,Electrónica,1,3499,3499,Marketplace,Jalisco
2025-10-27,Secadora Iónica 2200W,Belleza,2,1124,2248,Móvil App,CDMX
2025-10-28,Smartphone X5,Electrónica,1,8998.50,8998.50,Móvil App,CDMX
2025-10-29,Banda de Correr Plegable,Deportes,1,12499,12499,Marketplace,Jalisco
2025-10-30,Laptop Pro 14,Electrónica,1,18999,18999,Marketplace,CDMX
2025-10-30,Auto RC Turbo Rally,Juguetes,2,778.50,1557,Móvil App,Nuevo León
2025-10-30,Set Ciencia Experimentos,Juguetes,2,629,1258,Tienda física,Nuevo León
2025-10-31,Rizador de Pelas Digital,Belleza,2,899,1798,Online,CDMX
2025-10-31,Paleta de Sombras Nude,Belleza,2,499,998,Online,Puebla
2025-10-31,Yoga Mat Premium,Deportes,1,648.50,648.50,Online,Yucatán
2025-10-31,Tenis Runner Air,Moda,2,2199,4398,Online,CDMX
2025-10-31,Tablet Galaxy 10",Electrónica,1,6499,6499,Online,Yucatán
2025-11-01,Juego de Ollas Antiadherentes,Hogar,5,2399,11995,Tienda física,Chihuahua
2025-11-01,Sudadera Hoodie Urban,Moda,2,898.50,1797,Tienda física,Yucatán
2025-11-02,Smart TV 55'',Electrónica,5,9199,45995,Online,CDMX
2025-11-03,Laptop Pro 14,Electrónica,1,18999,18999,Marketplace,Chihuahua
2025-11-04,Rizador de Pelas Digital,Belleza,3,764,2292,Móvil App,Jalisco
2025-11-04,Balón Soccer Pro FIFA,Deportes,1,548.50,548.50,Online,Nuevo León
2025-11-04,Aspiradora Robot Clean+,Hogar,2,5998.50,11997,Tienda física,CDMX
2025-11-04,Rizador de Pelas Digital,Belleza,1,898.50,898.50,Marketplace,Nuevo León
2025-11-05,Juego de Mesa Familiar,Juguetes,2,449,898,Online,Puebla
2025-11-05,Kit Bandas Elásticas,Deportes,1,299,299,Móvil App,Jalisco
2025-11-05,Sudadera Hoodie Urban,Moda,1,898.50,898.50,Online,Chihuahua
2025-11-05,Paleta de Sombras Nude,Belleza,2,499,998,Marketplace,Nuevo León
2025-11-06,Serum Vitamina C 30ml,Belleza,2,659,1318,Móvil App,Jalisco
2025-11-07,Chamarra Denim Classic,Moda,5,1299,6495,Online,Jalisco
2025-11-07,Audífonos ANC Studio,Electrónica,1,1874,1874,Móvil App,Chihuahua
2025-11-07,Chamarra Denim Classic,Moda,3,1169,3507,Móvil App,CDMX
2025-11-07,Sudadera Hoodie Urban,Moda,3,898.50,2695.50,Marketplace,Yucatán
2025-11-09,Chamarra Denim Classic,Moda,2,1299,2598,Online,Chihuahua
2025-11-09,Cafetera Espresso Deluxe,Hogar,1,4599,4599,Móvil App,CDMX
2025-11-10,Audífonos ANC Studio,Electrónica,2,2499,4998,Online,Nuevo León
2025-11-10,Peluche Oso Gigante 1.5m,Juguetes,2,548.50,1097,Móvil App,CDMX
2025-11-10,Audífonos ANC Studio,Electrónica,6,2499,14994,Tienda física,Nuevo León
2025-11-11,Banda de Correr Plegable,Deportes,1,12499,12499,Marketplace,CDMX
2025-11-11,Serum Vitamina C 30ml,Belleza,3,659,1977,Marketplace,Yucatán
2025-11-12,Lentes de Sol Retro,Moda,1,721,721,Online,CDMX
2025-11-14,Smart TV 55'',Electrónica,2,11499,22998,Online,Yucatán
2025-11-14,Consola Next X,Electrónica,1,13999,13999,Móvil App,Jalisco
2025-11-14,Juego de Mesa Familiar,Juguetes,2,449,898,Online,CDMX
2025-11-15,Chamarra Denim Classic,Moda,1,1299,1299,Marketplace,Nuevo León
2025-11-16,Smartwatch Fit 3,Electrónica,1,3299,3299,Online,Nuevo León
2025-11-16,Crema Hidratante Aloe,Belleza,2,350,700,Online,CDMX
2025-11-16,Smart TV 55'',Electrónica,2,11499,22998,Móvil App,CDMX
2025-11-17,Teclado Mecánico RGB,Electrónica,1,1599,1599,Marketplace,Puebla
2025-11-17,Smartphone X5,Electrónica,2,8999,17998,Online,Yucatán
2025-11-17,Dron Junior HD,Juguetes,2,1599,3198,Online,CDMX
2025-11-18,Laptop Pro 14,Electrónica,2,18999,37998,Marketplace,Jalisco
2025-11-18,Serum Vitamina C 30ml,Belleza,3,626,1878,Online,Chihuahua
2025-11-18,Aspiradora Robot Clean+,Hogar,5,5999,29995,Marketplace,Nuevo León
2025-11-18,Smartphone X5,Electrónica,1,8999,8999,Online,Chihuahua
2025-11-19,Yoga Mat Premium,Deportes,6,649,3894,Online,CDMX
2025-11-20,Dron Junior HD,Juguetes,2,1199,2398,Marketplace,Jalisco
2025-11-21,Laptop Pro 14,Electrónica,1,18999,18999,Online,Chihuahua
2025-11-23,Smart TV 55'',Electrónica,1,11498.50,11498.50,Marketplace,Jalisco
2025-11-24,Aspiradora Robot Clean+,Hogar,2,5099,10198,Online,Puebla
2025-11-24,Consola Next X,Electrónica,1,13998.50,13998.50,Móvil App,Nuevo León
2025-11-24,Teclado Mecánico RGB,Electrónica,1,1599,1599,Online,CDMX
2025-11-24,Casco Ciclismo Aero,Deportes,2,1234,2468,Móvil App,Yucatán
2025-11-24,Teclado Mecánico RGB,Electrónica,2,1598.50,3197,Tienda física,Yucatán
2025-11-25,Banda de Correr Plegable,Deportes,1,12498.50,12498.50,Marketplace,Nuevo León
2025-11-25,Teclado Mecánico RGB,Electrónica,1,1599,1599,Online,CDMX
2025-11-25,Serum Vitamina C 30ml,Belleza,1,659,659,Marketplace,CDMX
2025-11-26,Audífonos ANC Studio,Electrónica,2,2499,4998,Marketplace,Yucatán
2025-11-26,Chamarra Denim Classic,Moda,1,1299,1299,Móvil App,CDMX
2025-11-26,Licuadora Turbo 1200W,Hogar,1,1699,1699,Móvil App,Yucatán
2025-11-27,Banda de Correr Plegable,Deportes,1,12499,12499,Tienda física,Chihuahua
2025-11-27,Consola Next X,Electrónica,2,13998.50,27997,Móvil App,Nuevo León
2025-11-27,Bloques Creativos 500pz,Juguetes,1,899,899,Marketplace,Puebla
2025-11-27,Rizador de Pelas Digital,Belleza,2,764,1528,Marketplace,Puebla
2025-11-28,Lámpara LED Inteligente,Hogar,2,549,1098,Marketplace,Puebla
2025-11-28,Smartwatch Fit 3,Electrónica,1,3298.50,3298.50,Online,Nuevo León
2025-11-28,Purificador de Aire Mini,Hogar,2,2899,5798,Marketplace,Puebla
2025-11-29,Smartphone X5,Electrónica,3,8998.50,26995.50,Online,Jalisco
2025-11-29,Pantalón Chino Slim,Moda,2,949,1898,Online,Yucatán
2025-11-29,Teclado Mecánico RGB,Electrónica,2,1599,3198,Online,Puebla
2025-11-30,Consola Next X,Electrónica,5,13998.50,69992.50,Online,Nuevo León
2025-11-30,Aspiradora Robot Clean+,Hogar,1,5999,5999,Tienda física,Nuevo León
2025-11-30,Smart TV 55'',Electrónica,1,11498.50,11498.50,Online,Yucatán
2025-11-30,Smartwatch Fit 3,Electrónica,1,3299,3299,Online,Chihuahua
2025-11-30,Vestido Floral Summer,Moda,1,1098.50,1098.50,Tienda física,Chihuahua
2025-12-01,Smartphone X5,Electrónica,1,8999,8999,Marketplace,Jalisco
2025-12-02,Auto RC Turbo Rally,Juguetes,2,779,1558,Online,CDMX
2025-12-03,Tenis Runner Air,Moda,3,2199,6597,Tienda física,Jalisco
2025-12-03,Bolso de Cuero Milano,Moda,3,1898.50,5695.50,Marketplace,Chihuahua
2025-12-03,Bloques Creativos 500pz,Juguetes,1,899,899,Marketplace,CDMX
2025-12-04,Laptop Pro 14,Electrónica,2,14249,28498,Marketplace,CDMX
2025-12-04,Chamarra Denim Classic,Moda,1,1298.50,1298.50,Tienda física,Nuevo León
2025-12-05,Set Ciencia Experimentos,Juguetes,1,628.50,628.50,Online,Nuevo León
2025-12-05,Purificador de Aire Mini,Hogar,1,2898.50,2898.50,Online,Nuevo León
2025-12-05,Consola Next X,Electrónica,2,13999,27998,Marketplace,CDMX
2025-12-05,Smartwatch Fit 3,Electrónica,1,3299,3299,Online,Puebla
2025-12-06,Cámara Action Go,Electrónica,2,7999,15998,Marketplace,Jalisco
2025-12-06,Audífonos ANC Studio,Electrónica,2,2498.50,4997,Móvil App,Yucatán
2025-12-06,Chamarra Denim Classic,Moda,2,1299,2598,Online,Jalisco
2025-12-07,Balón Soccer Pro FIFA,Deportes,1,548.50,548.50,Online,CDMX
2025-12-07,Balón Soccer Pro FIFA,Deportes,1,549,549,Online,Puebla
2025-12-08,Secadora Iónica 2200W,Belleza,3,1424,4272,Online,CDMX
2025-12-08,Consola Next X,Electrónica,2,13998.50,27997,Online,CDMX
2025-12-09,Bloques Creativos 500pz,Juguetes,1,899,899,Online,CDMX
2025-12-10,Smart TV 55'',Electrónica,3,11499,34497,Marketplace,CDMX
2025-12-10,Mancuernas Ajustables 10kg,Deportes,1,749,749,Marketplace,CDMX
2025-12-10,Auto RC Turbo Rally,Juguetes,1,779,779,Online,Yucatán
2025-12-11,Serum Vitamina C 30ml,Belleza,5,659,3295,Tienda física,Yucatán
2025-12-12,Barra de Sonido 2.1,Electrónica,1,3498.50,3498.50,Marketplace,Yucatán
2025-12-12,Smartwatch Fit 3,Electrónica,1,2804,2804,Tienda física,Puebla
2025-12-14,Juego de Ollas Antiadherentes,Hogar,1,2398.50,2398.50,Online,Puebla
2025-12-15,Tablet Galaxy 10",Electrónica,2,4874,9748,Tienda física,Puebla
2025-12-15,Dron Junior HD,Juguetes,1,1599,1599,Online,Nuevo León
2025-12-15,Teclado Mecánico RGB,Electrónica,3,1599,4797,Tienda física,Nuevo León
2025-12-15,Licuadora Turbo 1200W,Hogar,1,1699,1699,Online,CDMX
2025-12-16,Peluche Oso Gigante 1.5m,Juguetes,1,548.50,548.50,Online,CDMX
2025-12-16,Juego de Mesa Familiar,Juguetes,1,449,449,Marketplace,Puebla
2025-12-16,Pantalón Chino Slim,Moda,1,712,712,Tienda física,Jalisco
2025-12-17,Rizador de Pelas Digital,Belleza,2,719,1438,Tienda física,CDMX
2025-12-17,Smartwatch Fit 3,Electrónica,2,2969,5938,Tienda física,Chihuahua
2025-12-18,Juego de Mesa Familiar,Juguetes,1,449,449,Online,CDMX
2025-12-18,Pantalón Chino Slim,Moda,1,949,949,Marketplace,Jalisco
2025-12-18,Smartwatch Fit 3,Electrónica,1,3299,3299,Online,CDMX
2025-12-18,Auto RC Turbo Rally,Juguetes,1,779,779,Marketplace,Puebla
2025-12-19,Bicicleta Urbana R26,Deportes,1,7998.50,7998.50,Online,Yucatán
2025-12-20,Tablet Galaxy 10",Electrónica,4,6499,25996,Tienda física,Puebla
2025-12-20,Kit Bandas Elásticas,Deportes,2,299,598,Marketplace,CDMX
2025-12-21,Smartphone X5,Electrónica,1,8998.50,8998.50,Marketplace,CDMX
2025-12-21,Camiseta Basic Cotton,Moda,1,399,399,Online,Nuevo León
2025-12-22,Smartwatch Fit 3,Electrónica,2,3298.50,6597,Online,CDMX
2025-12-23,Yoga Mat Premium,Deportes,1,648.50,648.50,Online,Puebla
2025-12-23,Lámpara LED Inteligente,Hogar,6,549,3294,Marketplace,Yucatán
2025-12-23,Chamarra Denim Classic,Moda,1,1299,1299,Móvil App,Chihuahua
2025-12-24,Smart TV 55'',Electrónica,3,8624,25872,Marketplace,Nuevo León
2025-12-24,Bicicleta Urbana R26,Deportes,1,7999,7999,Tienda física,Yucatán
2025-12-24,Peluche Oso Gigante 1.5m,Juguetes,2,549,1098,Online,Jalisco
2025-12-25,Consola Next X,Electrónica,1,13999,13999,Online,CDMX
2025-12-25,Smart TV 55'',Electrónica,2,11498.50,22997,Móvil App,Jalisco
2025-12-25,Tablet Galaxy 10",Electrónica,1,6499,6499,Marketplace,CDMX
2025-12-25,Casco Ciclismo Aero,Deportes,1,1104,1104,Online,Jalisco
2025-12-26,Tenis Runner Air,Moda,3,2198.50,6595.50,Online,Puebla
2025-12-26,Smartphone X5,Electrónica,2,8999,17998,Online,CDMX
2025-12-26,Barra de Sonido 2.1,Electrónica,1,3499,3499,Online,CDMX
2025-12-27,Smartphone X5,Electrónica,1,6749,6749,Online,CDMX
2025-12-27,Licuadora Turbo 1200W,Hogar,2,1359,2718,Online,Jalisco
2025-12-28,Teclado Mecánico RGB,Electrónica,6,1598.50,9591,Online,Nuevo León
2025-12-28,Secadora Iónica 2200W,Belleza,1,1499,1499,Online,CDMX
2025-12-28,Lentes de Sol Retro,Moda,1,607,607,Online,Yucatán
2025-12-28,Licuadora Turbo 1200W,Hogar,1,1359,1359,Online,CDMX
2025-12-29,Juego de Mesa Familiar,Juguetes,1,337,337,Marketplace,Jalisco
2025-12-29,Juego de Mesa Familiar,Juguetes,2,449,898,Tienda física,CDMX
2025-12-29,Juego de Ollas Antiadherentes,Hogar,1,2399,2399,Móvil App,CDMX
2025-12-30,Secadora Iónica 2200W,Belleza,1,1499,1499,Marketplace,CDMX
2025-12-30,Mancuernas Ajustables 10kg,Deportes,2,949,1898,Tienda física,CDMX
2025-12-30,Kit Bandas Elásticas,Deportes,3,299,897,Tienda física,Yucatán
2025-12-30,Yoga Mat Premium,Deportes,2,649,1298,Online,Yucatán
2025-12-30,Camiseta Basic Cotton,Moda,1,399,399,Marketplace,Puebla
2025-12-30,Set Ciencia Experimentos,Juguetes,1,628.50,628.50,Online,CDMX
2025-12-30,Tablet Galaxy 10",Electrónica,2,6499,12998,Online,Jalisco
2025-12-30,Lentes de Sol Retro,Moda,3,759,2277,Móvil App,CDMX
